show_id,genre,date,weekday,week_number,month,is_weekend_holiday,occupancy_pct,avg_ticket_price,is_vk_campaign,is_yandex_rutube_campaign,is_any_campaign_active
1000,comedy,2023-01-01,Sunday,52,1,1,100.0,1000,0,0,0
1001,modern,2023-01-01,Sunday,52,1,1,90.2,1300,0,0,0
1002,musical,2023-01-01,Sunday,52,1,1,96.6,1700,0,0,0
1003,drama,2023-01-01,Sunday,52,1,1,78.9,1500,0,0,0
1004,comedy,2023-01-02,Monday,1,1,0,69.2,1000,0,0,0
1005,comedy,2023-01-03,Tuesday,1,1,0,75.8,1200,0,0,0
1006,comedy,2023-01-03,Tuesday,1,1,0,76.8,1300,0,0,0
1007,classic,2023-01-03,Tuesday,1,1,0,64.7,1700,0,0,0
1008,musical,2023-01-04,Wednesday,1,1,0,67.3,2200,0,0,0
1009,musical,2023-01-04,Wednesday,1,1,0,74.2,2200,0,0,0
1010,comedy,2023-01-05,Thursday,1,1,0,82.8,1100,0,0,0
1011,modern,2023-01-05,Thursday,1,1,0,75.0,1500,0,0,0
1012,classic,2023-01-06,Friday,1,1,1,83.5,1500,0,0,0
1013,comedy,2023-01-06,Friday,1,1,1,92.3,1200,0,0,0
1014,comedy,2023-01-07,Saturday,1,1,1,100.0,1200,0,0,0
1015,comedy,2023-01-07,Saturday,1,1,1,99.2,1400,0,0,0
1016,comedy,2023-01-07,Saturday,1,1,1,100.0,1100,0,0,0
1017,drama,2023-01-07,Saturday,1,1,1,80.8,1700,0,0,0
1018,drama,2023-01-08,Sunday,1,1,1,73.1,1600,0,0,0
1019,comedy,2023-01-08,Sunday,1,1,1,97.5,1100,0,0,0
1020,musical,2023-01-09,Monday,2,1,0,67.5,2300,0,0,0
1021,comedy,2023-01-10,Tuesday,2,1,0,77.0,1100,0,0,0
1022,comedy,2023-01-10,Tuesday,2,1,0,74.3,1100,0,0,0
1023,comedy,2023-01-11,Wednesday,2,1,0,80.8,1300,0,0,0
1024,drama,2023-01-12,Thursday,2,1,0,64.7,1600,0,0,0
1025,experimental,2023-01-12,Thursday,2,1,0,75.7,900,0,0,0
1026,comedy,2023-01-12,Thursday,2,1,0,84.8,1000,0,0,0
1027,drama,2023-01-13,Friday,2,1,1,64.8,1600,0,0,0
1028,drama,2023-01-13,Friday,2,1,1,71.1,1400,0,0,0
1029,comedy,2023-01-13,Friday,2,1,1,93.2,1000,0,0,0
1030,musical,2023-01-14,Saturday,2,1,1,94.1,1900,0,0,0
1031,comedy,2023-01-14,Saturday,2,1,1,100.0,1400,0,0,0
1032,comedy,2023-01-14,Saturday,2,1,1,100.0,1300,0,0,0
1033,modern,2023-01-15,Sunday,2,1,1,97.9,1300,0,0,0
1034,modern,2023-01-15,Sunday,2,1,1,91.0,1400,0,0,0
1035,classic,2023-01-15,Sunday,2,1,1,90.2,1600,0,0,0
1036,comedy,2023-01-16,Monday,3,1,0,70.1,1300,0,0,0
1037,comedy,2023-01-16,Monday,3,1,0,69.8,1200,0,0,0
1038,musical,2023-01-17,Tuesday,3,1,0,64.9,2000,0,0,0
1039,drama,2023-01-18,Wednesday,3,1,0,53.7,1700,0,0,0
1040,comedy,2023-01-19,Thursday,3,1,0,84.0,1300,0,0,0
1041,drama,2023-01-20,Friday,3,1,1,69.3,1400,0,0,0
1042,comedy,2023-01-21,Saturday,3,1,1,100.0,1200,0,0,0
1043,modern,2023-01-21,Saturday,3,1,1,92.7,1600,0,0,0
1044,comedy,2023-01-21,Saturday,3,1,1,100.0,1300,0,0,0
1045,musical,2023-01-22,Sunday,3,1,1,94.9,2200,0,0,0
1046,comedy,2023-01-22,Sunday,3,1,1,97.5,1100,0,0,0
1047,drama,2023-01-22,Sunday,3,1,1,73.8,1300,0,0,0
1048,drama,2023-01-22,Sunday,3,1,1,79.8,1600,0,0,0
1049,comedy,2023-01-23,Monday,4,1,0,70.9,1300,0,0,0
1050,modern,2023-01-23,Monday,4,1,0,67.4,1200,0,0,0
1051,experimental,2023-01-23,Monday,4,1,0,58.7,1100,0,0,0
1052,modern,2023-01-24,Tuesday,4,1,0,72.8,1200,0,0,0
1053,classic,2023-01-25,Wednesday,4,1,0,71.8,2100,0,0,0
1054,drama,2023-01-25,Wednesday,4,1,0,57.8,1800,0,0,0
1055,modern,2023-01-25,Wednesday,4,1,0,69.5,1400,0,0,0
1056,comedy,2023-01-26,Thursday,4,1,0,87.7,1400,0,0,0
1057,comedy,2023-01-26,Thursday,4,1,0,81.2,1100,0,0,0
1058,comedy,2023-01-27,Friday,4,1,1,84.2,1400,0,0,0
1059,comedy,2023-01-27,Friday,4,1,1,84.9,1200,0,0,0
1060,comedy,2023-01-27,Friday,4,1,1,91.4,1300,0,0,0
1061,comedy,2023-01-28,Saturday,4,1,1,100.0,1300,0,0,0
1062,classic,2023-01-28,Saturday,4,1,1,94.9,1600,0,0,0
1063,comedy,2023-01-29,Sunday,4,1,1,96.3,1200,0,0,0
1064,comedy,2023-01-29,Sunday,4,1,1,100.0,1200,0,0,0
1065,drama,2023-01-29,Sunday,4,1,1,76.9,1300,0,0,0
1066,comedy,2023-01-29,Sunday,4,1,1,99.9,1400,0,0,0
1067,classic,2023-01-30,Monday,5,1,0,59.1,2100,0,0,0
1068,comedy,2023-01-30,Monday,5,1,0,67.2,1100,0,0,0
1069,modern,2023-01-31,Tuesday,5,1,0,66.7,1400,0,0,0
1070,experimental,2023-02-01,Wednesday,5,2,0,69.9,800,0,0,0
1071,comedy,2023-02-02,Thursday,5,2,0,89.6,1100,0,0,0
1072,comedy,2023-02-03,Friday,5,2,1,87.4,1000,0,0,0
1073,classic,2023-02-03,Friday,5,2,1,75.5,1900,0,0,0
1074,musical,2023-02-04,Saturday,5,2,1,100.0,2200,0,0,0
1075,musical,2023-02-04,Saturday,5,2,1,95.0,2100,0,0,0
1076,experimental,2023-02-05,Sunday,5,2,1,83.5,1100,0,0,0
1077,comedy,2023-02-05,Sunday,5,2,1,99.3,1000,0,0,0
1078,comedy,2023-02-05,Sunday,5,2,1,98.9,1200,0,0,0
1079,comedy,2023-02-06,Monday,6,2,0,73.5,1000,0,0,0
1080,classic,2023-02-06,Monday,6,2,0,56.0,1900,0,0,0
1081,musical,2023-02-06,Monday,6,2,0,67.2,2200,0,0,0
1082,comedy,2023-02-07,Tuesday,6,2,0,72.5,1100,0,0,0
1083,comedy,2023-02-08,Wednesday,6,2,0,76.8,1000,0,0,0
1084,comedy,2023-02-08,Wednesday,6,2,0,82.9,1200,0,0,0
1085,comedy,2023-02-09,Thursday,6,2,0,88.8,1200,0,0,0
1086,musical,2023-02-10,Friday,6,2,1,85.7,1700,0,0,0
1087,musical,2023-02-10,Friday,6,2,1,78.1,2000,0,0,0
1088,classic,2023-02-10,Friday,6,2,1,82.5,1500,0,0,0
1089,drama,2023-02-11,Saturday,6,2,1,83.6,1300,0,0,0
1090,comedy,2023-02-11,Saturday,6,2,1,100.0,1100,0,0,0
1091,musical,2023-02-12,Sunday,6,2,1,89.2,1700,0,0,0
1092,experimental,2023-02-12,Sunday,6,2,1,91.2,1000,0,0,0
1093,drama,2023-02-13,Monday,7,2,0,52.3,1400,0,0,0
1094,experimental,2023-02-13,Monday,7,2,0,61.4,1100,0,0,0
1095,drama,2023-02-14,Tuesday,7,2,0,50.1,1600,0,0,0
1096,drama,2023-02-14,Tuesday,7,2,0,59.1,1400,0,0,0
1097,drama,2023-02-14,Tuesday,7,2,0,54.4,1500,0,0,0
1098,comedy,2023-02-15,Wednesday,7,2,0,75.1,1100,0,0,0
1099,comedy,2023-02-15,Wednesday,7,2,0,83.4,1200,0,0,0
1100,comedy,2023-02-15,Wednesday,7,2,0,74.7,1200,0,0,0
1101,musical,2023-02-16,Thursday,7,2,0,77.0,1700,0,0,0
1102,comedy,2023-02-16,Thursday,7,2,0,86.9,1200,0,0,0
1103,drama,2023-02-16,Thursday,7,2,0,61.0,1300,0,0,0
1104,modern,2023-02-17,Friday,7,2,1,84.7,1300,0,0,0
1105,comedy,2023-02-17,Friday,7,2,1,88.0,1300,0,0,0
1106,drama,2023-02-17,Friday,7,2,1,67.8,1600,0,0,0
1107,experimental,2023-02-18,Saturday,7,2,1,94.5,900,0,0,0
1108,comedy,2023-02-18,Saturday,7,2,1,100.0,1100,0,0,0
1109,comedy,2023-02-18,Saturday,7,2,1,100.0,1300,0,0,0
1110,comedy,2023-02-19,Sunday,7,2,1,100.0,1400,0,0,0
1111,comedy,2023-02-19,Sunday,7,2,1,100.0,1000,0,0,0
1112,modern,2023-02-19,Sunday,7,2,1,89.4,1400,0,0,0
1113,classic,2023-02-20,Monday,8,2,0,59.2,1600,0,0,0
1114,musical,2023-02-20,Monday,8,2,0,67.6,2300,0,0,0
1115,classic,2023-02-20,Monday,8,2,0,58.3,2100,0,0,0
1116,classic,2023-02-21,Tuesday,8,2,0,65.2,1800,0,0,0
1117,comedy,2023-02-22,Wednesday,8,2,0,83.6,1300,0,0,0
1118,classic,2023-02-22,Wednesday,8,2,0,63.5,1900,0,0,0
1119,drama,2023-02-23,Thursday,8,2,0,66.0,1400,0,0,0
1120,classic,2023-02-23,Thursday,8,2,0,69.9,2100,0,0,0
1121,classic,2023-02-23,Thursday,8,2,0,72.0,1500,0,0,0
1122,comedy,2023-02-24,Friday,8,2,1,87.8,1000,0,0,0
1123,comedy,2023-02-24,Friday,8,2,1,88.0,1100,0,0,0
1124,comedy,2023-02-24,Friday,8,2,1,92.3,1300,0,0,0
1125,drama,2023-02-25,Saturday,8,2,1,87.0,1500,0,0,0
1126,classic,2023-02-25,Saturday,8,2,1,88.9,2000,0,0,0
1127,classic,2023-02-25,Saturday,8,2,1,91.9,1700,0,0,0
1128,comedy,2023-02-25,Saturday,8,2,1,100.0,1000,0,0,0
1129,drama,2023-02-26,Sunday,8,2,1,73.4,1800,0,0,0
1130,drama,2023-02-26,Sunday,8,2,1,80.0,1500,0,0,0
1131,comedy,2023-02-26,Sunday,8,2,1,95.3,1200,0,0,0
1132,comedy,2023-02-26,Sunday,8,2,1,100.0,1400,0,0,0
1133,comedy,2023-02-27,Monday,9,2,0,74.5,1200,0,0,0
1134,modern,2023-02-28,Tuesday,9,2,0,68.7,1400,0,0,0
1135,comedy,2023-02-28,Tuesday,9,2,0,74.6,1000,0,0,0
1136,drama,2023-02-28,Tuesday,9,2,0,57.5,1800,0,0,0
1137,musical,2023-03-01,Wednesday,9,3,0,73.9,2300,0,0,0
1138,comedy,2023-03-02,Thursday,9,3,0,88.3,1300,0,0,0
1139,modern,2023-03-03,Friday,9,3,1,86.6,1600,0,0,0
1140,modern,2023-03-03,Friday,9,3,1,84.5,1500,0,0,0
1141,comedy,2023-03-03,Friday,9,3,1,97.0,1400,0,0,0
1142,drama,2023-03-04,Saturday,9,3,1,82.4,1700,0,0,0
1143,comedy,2023-03-04,Saturday,9,3,1,100.0,1300,0,0,0
1144,comedy,2023-03-05,Sunday,9,3,1,100.0,1300,0,0,0
1145,comedy,2023-03-05,Sunday,9,3,1,100.0,1300,0,0,0
1146,musical,2023-03-05,Sunday,9,3,1,93.2,2200,0,0,0
1147,drama,2023-03-06,Monday,10,3,0,51.4,1700,0,0,0
1148,comedy,2023-03-07,Tuesday,10,3,0,83.8,1100,0,0,0
1149,comedy,2023-03-07,Tuesday,10,3,0,76.6,1400,0,0,0
1150,modern,2023-03-08,Wednesday,10,3,1,77.4,1200,0,0,0
1151,comedy,2023-03-08,Wednesday,10,3,1,88.0,1400,0,0,0
1152,comedy,2023-03-08,Wednesday,10,3,1,86.0,1100,0,0,0
1153,drama,2023-03-09,Thursday,10,3,0,72.0,1600,0,0,0
1154,modern,2023-03-09,Thursday,10,3,0,80.0,1300,0,0,0
1155,comedy,2023-03-10,Friday,10,3,1,99.6,1000,0,0,0
1156,musical,2023-03-10,Friday,10,3,1,84.9,1800,0,0,0
1157,experimental,2023-03-11,Saturday,10,3,1,100.0,900,0,0,0
1158,comedy,2023-03-11,Saturday,10,3,1,100.0,1200,0,0,0
1159,musical,2023-03-11,Saturday,10,3,1,100.0,1700,0,0,0
1160,comedy,2023-03-12,Sunday,10,3,1,100.0,1100,0,0,0
1161,musical,2023-03-12,Sunday,10,3,1,100.0,1600,0,0,0
1162,musical,2023-03-13,Monday,11,3,0,74.0,2100,0,0,0
1163,drama,2023-03-13,Monday,11,3,0,51.5,1600,0,0,0
1164,comedy,2023-03-13,Monday,11,3,0,80.7,1200,0,0,0
1165,classic,2023-03-14,Tuesday,11,3,0,71.0,1900,0,0,0
1166,comedy,2023-03-14,Tuesday,11,3,0,85.0,1000,0,0,0
1167,comedy,2023-03-15,Wednesday,11,3,0,83.6,1100,0,0,0
1168,comedy,2023-03-15,Wednesday,11,3,0,82.1,1200,0,0,0
1169,drama,2023-03-15,Wednesday,11,3,0,63.0,1300,0,0,0
1170,musical,2023-03-16,Thursday,11,3,0,87.6,2100,0,0,0
1171,comedy,2023-03-16,Thursday,11,3,0,87.8,1300,0,0,0
1172,drama,2023-03-17,Friday,11,3,1,70.2,1700,0,0,0
1173,comedy,2023-03-17,Friday,11,3,1,97.4,1100,0,0,0
1174,musical,2023-03-17,Friday,11,3,1,85.8,2100,0,0,0
1175,comedy,2023-03-18,Saturday,11,3,1,100.0,1200,0,0,0
1176,musical,2023-03-18,Saturday,11,3,1,100.0,2000,0,0,0
1177,comedy,2023-03-18,Saturday,11,3,1,100.0,1300,0,0,0
1178,modern,2023-03-19,Sunday,11,3,1,100.0,1300,0,0,0
1179,comedy,2023-03-19,Sunday,11,3,1,99.7,1300,0,0,0
1180,comedy,2023-03-20,Monday,12,3,0,73.0,1300,0,0,0
1181,comedy,2023-03-21,Tuesday,12,3,0,76.4,1000,0,0,0
1182,modern,2023-03-22,Wednesday,12,3,0,80.6,1500,0,0,0
1183,classic,2023-03-22,Wednesday,12,3,0,77.6,1800,0,0,0
1184,comedy,2023-03-23,Thursday,12,3,0,92.5,1100,0,0,0
1185,musical,2023-03-23,Thursday,12,3,0,81.4,2000,0,0,0
1186,classic,2023-03-23,Thursday,12,3,0,74.4,1900,0,0,0
1187,drama,2023-03-24,Friday,12,3,1,69.3,1700,0,0,0
1188,drama,2023-03-25,Saturday,12,3,1,83.5,1500,0,0,0
1189,comedy,2023-03-25,Saturday,12,3,1,100.0,1100,0,0,0
1190,comedy,2023-03-25,Saturday,12,3,1,100.0,1200,0,0,0
1191,classic,2023-03-25,Saturday,12,3,1,100.0,1900,0,0,0
1192,modern,2023-03-26,Sunday,12,3,1,100.0,1300,0,0,0
1193,musical,2023-03-26,Sunday,12,3,1,100.0,2000,0,0,0
1194,comedy,2023-03-26,Sunday,12,3,1,100.0,1400,0,0,0
1195,comedy,2023-03-26,Sunday,12,3,1,100.0,1400,0,0,0
1196,musical,2023-03-27,Monday,13,3,0,68.9,2200,0,0,0
1197,classic,2023-03-28,Tuesday,13,3,0,72.4,2000,0,0,0
1198,classic,2023-03-28,Tuesday,13,3,0,73.3,1600,0,0,0
1199,experimental,2023-03-29,Wednesday,13,3,0,69.3,1100,0,0,0
1200,musical,2023-03-29,Wednesday,13,3,0,77.0,1700,0,0,0
1201,comedy,2023-03-30,Thursday,13,3,0,94.5,1100,0,0,0
1202,comedy,2023-03-30,Thursday,13,3,0,87.5,1000,0,0,0
1203,classic,2023-03-31,Friday,13,3,1,85.4,1900,0,0,0
1204,musical,2023-03-31,Friday,13,3,1,88.2,1700,0,0,0
1205,comedy,2023-04-01,Saturday,13,4,1,100.0,1200,0,0,0
1206,comedy,2023-04-01,Saturday,13,4,1,100.0,1400,0,0,0
1207,musical,2023-04-01,Saturday,13,4,1,100.0,2200,0,0,0
1208,comedy,2023-04-01,Saturday,13,4,1,100.0,1000,0,0,0
1209,comedy,2023-04-02,Sunday,13,4,1,99.6,1100,0,0,0
1210,drama,2023-04-02,Sunday,13,4,1,85.9,1400,0,0,0
1211,musical,2023-04-02,Sunday,13,4,1,100.0,2300,0,0,0
1212,musical,2023-04-02,Sunday,13,4,1,100.0,1900,0,0,0
1213,comedy,2023-04-03,Monday,14,4,0,79.7,1300,0,0,0
1214,musical,2023-04-03,Monday,14,4,0,67.7,2000,0,0,0
1215,comedy,2023-04-03,Monday,14,4,0,75.0,1200,0,0,0
1216,comedy,2023-04-04,Tuesday,14,4,0,78.8,1300,0,0,0
1217,musical,2023-04-04,Tuesday,14,4,0,74.8,1700,0,0,0
1218,musical,2023-04-04,Tuesday,14,4,0,76.4,1700,0,0,0
1219,classic,2023-04-05,Wednesday,14,4,0,73.5,2100,0,0,0
1220,musical,2023-04-06,Thursday,14,4,0,87.0,1600,0,0,0
1221,drama,2023-04-06,Thursday,14,4,0,69.4,1300,0,0,0
1222,comedy,2023-04-06,Thursday,14,4,0,89.7,1000,0,0,0
1223,comedy,2023-04-07,Friday,14,4,1,92.5,1200,0,0,0
1224,comedy,2023-04-08,Saturday,14,4,1,100.0,1100,0,0,0
1225,comedy,2023-04-08,Saturday,14,4,1,100.0,1200,0,0,0
1226,modern,2023-04-08,Saturday,14,4,1,100.0,1400,0,0,0
1227,comedy,2023-04-09,Sunday,14,4,1,100.0,1400,0,0,0
1228,classic,2023-04-09,Sunday,14,4,1,96.2,1900,0,0,0
1229,musical,2023-04-10,Monday,15,4,0,66.9,1600,0,0,0
1230,experimental,2023-04-10,Monday,15,4,0,67.7,900,0,0,0
1231,drama,2023-04-10,Monday,15,4,0,51.9,1600,0,0,0
1232,drama,2023-04-11,Tuesday,15,4,0,59.2,1600,0,0,0
1233,drama,2023-04-11,Tuesday,15,4,0,61.7,1300,0,0,0
1234,comedy,2023-04-12,Wednesday,15,4,0,86.0,1000,0,0,0
1235,musical,2023-04-12,Wednesday,15,4,0,73.3,2200,0,0,0
1236,comedy,2023-04-13,Thursday,15,4,0,85.4,1400,0,0,0
1237,comedy,2023-04-14,Friday,15,4,1,94.1,1400,0,0,0
1238,musical,2023-04-15,Saturday,15,4,1,100.0,1900,0,0,0
1239,comedy,2023-04-15,Saturday,15,4,1,100.0,1000,0,0,0
1240,modern,2023-04-15,Saturday,15,4,1,99.0,1500,0,0,0
1241,modern,2023-04-16,Sunday,15,4,1,98.6,1600,0,0,0
1242,modern,2023-04-16,Sunday,15,4,1,100.0,1200,0,0,0
1243,comedy,2023-04-16,Sunday,15,4,1,100.0,1300,0,0,0
1244,comedy,2023-04-17,Monday,16,4,0,71.4,1300,0,0,0
1245,modern,2023-04-17,Monday,16,4,0,65.1,1500,0,0,0
1246,drama,2023-04-18,Tuesday,16,4,0,54.2,1700,0,0,0
1247,modern,2023-04-18,Tuesday,16,4,0,74.5,1700,0,0,0
1248,modern,2023-04-19,Wednesday,16,4,0,77.3,1500,0,0,0
1249,classic,2023-04-19,Wednesday,16,4,0,77.6,2000,0,0,0
1250,comedy,2023-04-20,Thursday,16,4,0,93.9,1300,0,0,0
1251,comedy,2023-04-20,Thursday,16,4,0,89.4,1300,0,0,0
1252,classic,2023-04-21,Friday,16,4,1,81.6,1900,0,0,0
1253,comedy,2023-04-21,Friday,16,4,1,98.9,1100,0,0,0
1254,comedy,2023-04-21,Friday,16,4,1,94.1,1100,0,0,0
1255,drama,2023-04-22,Saturday,16,4,1,89.6,1500,0,0,0
1256,modern,2023-04-22,Saturday,16,4,1,100.0,1300,0,0,0
1257,musical,2023-04-22,Saturday,16,4,1,100.0,1900,0,0,0
1258,drama,2023-04-23,Sunday,16,4,1,80.5,1700,0,0,0
1259,comedy,2023-04-23,Sunday,16,4,1,100.0,1400,0,0,0
1260,musical,2023-04-23,Sunday,16,4,1,93.8,1800,0,0,0
1261,modern,2023-04-24,Monday,17,4,0,73.3,1200,0,0,0
1262,comedy,2023-04-25,Tuesday,17,4,0,77.5,1200,0,0,0
1263,drama,2023-04-25,Tuesday,17,4,0,61.1,1500,0,0,0
1264,classic,2023-04-26,Wednesday,17,4,0,68.9,2000,0,0,0
1265,musical,2023-04-26,Wednesday,17,4,0,80.7,1800,0,0,0
1266,musical,2023-04-27,Thursday,17,4,0,82.2,2100,0,0,0
1267,musical,2023-04-27,Thursday,17,4,0,82.4,2000,0,0,0
1268,comedy,2023-04-28,Friday,17,4,1,92.7,1200,0,0,0
1269,comedy,2023-04-28,Friday,17,4,1,92.2,1200,0,0,0
1270,classic,2023-04-28,Friday,17,4,1,86.8,1600,0,0,0
1271,classic,2023-04-29,Saturday,17,4,1,100.0,1500,0,0,0
1272,classic,2023-04-29,Saturday,17,4,1,94.8,2000,0,0,0
1273,modern,2023-04-29,Saturday,17,4,1,100.0,1200,0,0,0
1274,drama,2023-04-30,Sunday,17,4,1,85.1,1600,0,0,0
1275,drama,2023-04-30,Sunday,17,4,1,87.3,1600,0,0,0
1276,experimental,2023-04-30,Sunday,17,4,1,89.5,1100,0,0,0
1277,musical,2023-04-30,Sunday,17,4,1,96.4,1900,0,0,0
1278,musical,2023-05-01,Monday,18,5,1,67.7,2000,0,0,0
1279,experimental,2023-05-01,Monday,18,5,1,63.7,1200,0,0,0
1280,classic,2023-05-01,Monday,18,5,1,61.6,1900,0,0,0
1281,comedy,2023-05-02,Tuesday,18,5,0,76.1,1000,0,0,0
1282,comedy,2023-05-02,Tuesday,18,5,0,80.3,1100,0,0,0
1283,comedy,2023-05-03,Wednesday,18,5,0,80.5,1000,0,0,0
1284,drama,2023-05-03,Wednesday,18,5,0,61.5,1800,0,0,0
1285,comedy,2023-05-04,Thursday,18,5,0,85.9,1200,0,0,0
1286,drama,2023-05-05,Friday,18,5,1,69.1,1600,0,0,0
1287,drama,2023-05-05,Friday,18,5,1,76.6,1700,0,0,0
1288,comedy,2023-05-05,Friday,18,5,1,92.4,1000,0,0,0
1289,drama,2023-05-06,Saturday,18,5,1,88.2,1700,0,0,0
1290,comedy,2023-05-06,Saturday,18,5,1,100.0,1300,0,0,0
1291,comedy,2023-05-06,Saturday,18,5,1,100.0,1200,0,0,0
1292,classic,2023-05-06,Saturday,18,5,1,100.0,1800,0,0,0
1293,comedy,2023-05-07,Sunday,18,5,1,100.0,1100,0,0,0
1294,comedy,2023-05-07,Sunday,18,5,1,100.0,1300,0,0,0
1295,drama,2023-05-07,Sunday,18,5,1,78.8,1800,0,0,0
1296,experimental,2023-05-08,Monday,19,5,0,60.1,900,0,0,0
1297,comedy,2023-05-09,Tuesday,19,5,1,76.7,1000,0,0,0
1298,musical,2023-05-10,Wednesday,19,5,0,80.2,1900,0,0,0
1299,comedy,2023-05-11,Thursday,19,5,0,87.8,1100,0,0,0
1300,comedy,2023-05-11,Thursday,19,5,0,91.8,1300,0,0,0
1301,drama,2023-05-12,Friday,19,5,1,71.5,1200,0,0,0
1302,drama,2023-05-12,Friday,19,5,1,76.2,1400,0,0,0
1303,musical,2023-05-13,Saturday,19,5,1,100.0,2100,0,0,0
1304,musical,2023-05-13,Saturday,19,5,1,100.0,1900,0,0,0
1305,modern,2023-05-13,Saturday,19,5,1,100.0,1500,0,0,0
1306,drama,2023-05-13,Saturday,19,5,1,82.8,1700,0,0,0
1307,comedy,2023-05-14,Sunday,19,5,1,100.0,1300,0,0,0
1308,experimental,2023-05-14,Sunday,19,5,1,95.7,1100,0,0,0
1309,comedy,2023-05-15,Monday,20,5,0,78.8,1000,0,0,0
1310,drama,2023-05-15,Monday,20,5,0,59.0,1600,0,0,0
1311,comedy,2023-05-16,Tuesday,20,5,0,79.5,1200,0,0,0
1312,comedy,2023-05-16,Tuesday,20,5,0,84.0,1200,0,0,0
1313,modern,2023-05-16,Tuesday,20,5,0,75.0,1500,0,0,0
1314,classic,2023-05-17,Wednesday,20,5,0,79.6,1500,0,0,0
1315,musical,2023-05-18,Thursday,20,5,0,78.7,2100,0,0,0
1316,drama,2023-05-18,Thursday,20,5,0,71.3,1700,0,0,0
1317,comedy,2023-05-18,Thursday,20,5,0,92.8,1200,0,0,0
1318,comedy,2023-05-19,Friday,20,5,1,95.6,1200,0,0,0
1319,comedy,2023-05-20,Saturday,20,5,1,100.0,1000,0,0,0
1320,drama,2023-05-20,Saturday,20,5,1,87.4,1600,0,0,0
1321,musical,2023-05-20,Saturday,20,5,1,100.0,1700,0,0,0
1322,musical,2023-05-21,Sunday,20,5,1,94.4,1900,0,0,0
1323,comedy,2023-05-21,Sunday,20,5,1,100.0,1000,0,0,0
1324,modern,2023-05-21,Sunday,20,5,1,100.0,1400,0,0,0
1325,musical,2023-05-22,Monday,21,5,0,69.2,2300,0,0,0
1326,drama,2023-05-22,Monday,21,5,0,53.1,1500,0,0,0
1327,musical,2023-05-23,Tuesday,21,5,0,77.9,1700,0,0,0
1328,drama,2023-05-23,Tuesday,21,5,0,61.4,1700,0,0,0
1329,comedy,2023-05-24,Wednesday,21,5,0,84.2,1300,0,0,0
1330,comedy,2023-05-25,Thursday,21,5,0,91.1,1000,0,0,0
1331,experimental,2023-05-25,Thursday,21,5,0,77.9,1000,0,0,0
1332,comedy,2023-05-26,Friday,21,5,1,90.8,1300,0,0,0
1333,comedy,2023-05-26,Friday,21,5,1,98.4,1200,0,0,0
1334,comedy,2023-05-27,Saturday,21,5,1,100.0,1400,0,0,0
1335,comedy,2023-05-27,Saturday,21,5,1,100.0,1000,0,0,0
1336,classic,2023-05-27,Saturday,21,5,1,100.0,2000,0,0,0
1337,musical,2023-05-28,Sunday,21,5,1,98.4,2000,0,0,0
1338,drama,2023-05-28,Sunday,21,5,1,88.6,1300,0,0,0
1339,comedy,2023-05-28,Sunday,21,5,1,100.0,1400,0,0,0
1340,drama,2023-05-29,Monday,22,5,0,51.1,1600,0,0,0
1341,drama,2023-05-30,Tuesday,22,5,0,61.4,1400,0,0,0
1342,comedy,2023-05-30,Tuesday,22,5,0,80.0,1200,0,0,0
1343,drama,2023-05-30,Tuesday,22,5,0,58.5,1500,0,0,0
1344,comedy,2023-05-31,Wednesday,22,5,0,88.7,1100,0,0,0
1345,musical,2023-06-01,Thursday,22,6,0,59.5,2200,0,0,0
1346,musical,2023-06-01,Thursday,22,6,0,67.9,1700,0,0,0
1347,comedy,2023-06-01,Thursday,22,6,0,67.7,1400,0,0,0
1348,comedy,2023-06-02,Friday,22,6,1,69.5,1100,0,0,0
1349,musical,2023-06-02,Friday,22,6,1,70.5,2200,0,0,0
1350,drama,2023-06-02,Friday,22,6,1,54.5,1500,0,0,0
1351,classic,2023-06-03,Saturday,22,6,1,78.6,1800,0,0,0
1352,musical,2023-06-03,Saturday,22,6,1,86.0,1900,0,0,0
1353,comedy,2023-06-04,Sunday,22,6,1,82.3,1200,0,0,0
1354,comedy,2023-06-04,Sunday,22,6,1,86.5,1100,0,0,0
1355,musical,2023-06-04,Sunday,22,6,1,74.9,2100,0,0,0
1356,comedy,2023-06-05,Monday,23,6,0,59.4,1000,0,0,0
1357,drama,2023-06-05,Monday,23,6,0,37.6,1600,0,0,0
1358,modern,2023-06-06,Tuesday,23,6,0,56.0,1700,0,0,0
1359,drama,2023-06-06,Tuesday,23,6,0,35.0,1600,0,0,0
1360,comedy,2023-06-07,Wednesday,23,6,0,69.6,1000,0,0,0
1361,musical,2023-06-08,Thursday,23,6,0,66.5,2300,0,0,0
1362,drama,2023-06-08,Thursday,23,6,0,49.2,1500,0,0,0
1363,drama,2023-06-09,Friday,23,6,1,50.6,1200,0,0,0
1364,modern,2023-06-09,Friday,23,6,1,72.2,1600,0,0,0
1365,comedy,2023-06-10,Saturday,23,6,1,93.8,1200,0,0,0
1366,modern,2023-06-10,Saturday,23,6,1,85.6,1300,0,0,0
1367,modern,2023-06-11,Sunday,23,6,1,77.4,1200,0,0,0
1368,comedy,2023-06-11,Sunday,23,6,1,84.1,1300,0,0,0
1369,comedy,2023-06-11,Sunday,23,6,1,84.6,1400,0,0,0
1370,comedy,2023-06-11,Sunday,23,6,1,83.2,1400,0,0,0
1371,comedy,2023-06-12,Monday,24,6,1,52.6,1000,0,0,0
1372,comedy,2023-06-12,Monday,24,6,1,59.9,1300,0,0,0
1373,musical,2023-06-12,Monday,24,6,1,50.8,2400,0,0,0
1374,comedy,2023-06-13,Tuesday,24,6,0,61.9,1400,0,0,0
1375,comedy,2023-06-13,Tuesday,24,6,0,55.7,1300,0,0,0
1376,classic,2023-06-14,Wednesday,24,6,0,57.4,1900,0,0,0
1377,comedy,2023-06-15,Thursday,24,6,0,66.1,1100,0,0,0
1378,classic,2023-06-16,Friday,24,6,1,60.6,1700,0,0,0
1379,comedy,2023-06-16,Friday,24,6,1,74.8,1200,0,0,0
1380,comedy,2023-06-17,Saturday,24,6,1,85.7,1000,0,0,0
1381,musical,2023-06-17,Saturday,24,6,1,82.9,2300,0,0,0
1382,musical,2023-06-18,Sunday,24,6,1,78.7,2000,0,0,0
1383,classic,2023-06-18,Sunday,24,6,1,75.9,1600,0,0,0
1384,musical,2023-06-19,Monday,25,6,0,45.8,1800,0,0,0
1385,classic,2023-06-19,Monday,25,6,0,48.9,2000,0,0,0
1386,comedy,2023-06-20,Tuesday,25,6,0,55.9,1200,0,0,0
1387,comedy,2023-06-20,Tuesday,25,6,0,64.2,1400,0,0,0
1388,experimental,2023-06-20,Tuesday,25,6,0,52.9,900,0,0,0
1389,classic,2023-06-21,Wednesday,25,6,0,58.0,1600,0,0,0
1390,modern,2023-06-21,Wednesday,25,6,0,58.0,1200,0,0,0
1391,drama,2023-06-21,Wednesday,25,6,0,40.3,1500,0,0,0
1392,comedy,2023-06-22,Thursday,25,6,0,68.5,1100,0,0,0
1393,experimental,2023-06-22,Thursday,25,6,0,52.7,1100,0,0,0
1394,comedy,2023-06-22,Thursday,25,6,0,68.3,1400,0,0,0
1395,modern,2023-06-23,Friday,25,6,1,70.2,1400,0,0,0
1396,classic,2023-06-24,Saturday,25,6,1,81.6,2100,0,0,0
1397,drama,2023-06-24,Saturday,25,6,1,70.8,1600,0,0,0
1398,experimental,2023-06-24,Saturday,25,6,1,78.9,1200,0,0,0
1399,experimental,2023-06-24,Saturday,25,6,1,80.3,900,0,0,0
1400,comedy,2023-06-25,Sunday,25,6,1,84.9,1300,0,0,0
1401,modern,2023-06-25,Sunday,25,6,1,80.1,1500,0,0,0
1402,drama,2023-06-26,Monday,26,6,0,30.9,1600,0,0,0
1403,classic,2023-06-26,Monday,26,6,0,48.2,1500,0,0,0
1404,comedy,2023-06-26,Monday,26,6,0,59.8,1000,0,0,0
1405,classic,2023-06-27,Tuesday,26,6,0,51.6,1900,0,0,0
1406,comedy,2023-06-28,Wednesday,26,6,0,61.6,1400,0,0,0
1407,comedy,2023-06-29,Thursday,26,6,0,67.2,1000,0,0,0
1408,modern,2023-06-29,Thursday,26,6,0,69.0,1400,0,0,0
1409,comedy,2023-06-30,Friday,26,6,1,71.8,1200,0,0,0
1410,comedy,2023-06-30,Friday,26,6,1,79.1,1000,0,0,0
1411,modern,2023-06-30,Friday,26,6,1,72.2,1600,0,0,0
1412,modern,2023-07-01,Saturday,26,7,1,81.3,1500,0,0,0
1413,drama,2023-07-01,Saturday,26,7,1,73.3,1300,0,0,0
1414,musical,2023-07-01,Saturday,26,7,1,88.8,1700,0,0,0
1415,drama,2023-07-02,Sunday,26,7,1,67.3,1600,0,0,0
1416,comedy,2023-07-02,Sunday,26,7,1,86.4,1400,0,0,0
1417,comedy,2023-07-02,Sunday,26,7,1,87.4,1100,0,0,0
1418,musical,2023-07-02,Sunday,26,7,1,79.9,1600,0,0,0
1419,experimental,2023-07-03,Monday,27,7,0,46.8,900,0,0,0
1420,experimental,2023-07-03,Monday,27,7,0,43.1,900,0,0,0
1421,experimental,2023-07-04,Tuesday,27,7,0,43.2,1200,0,0,0
1422,comedy,2023-07-04,Tuesday,27,7,0,55.8,1100,0,0,0
1423,drama,2023-07-04,Tuesday,27,7,0,38.7,1700,0,0,0
1424,comedy,2023-07-05,Wednesday,27,7,0,60.1,1100,0,0,0
1425,drama,2023-07-05,Wednesday,27,7,0,46.2,1700,0,0,0
1426,drama,2023-07-05,Wednesday,27,7,0,42.4,1400,0,0,0
1427,classic,2023-07-06,Thursday,27,7,0,56.3,1500,0,0,0
1428,comedy,2023-07-07,Friday,27,7,1,72.3,1000,0,0,0
1429,comedy,2023-07-07,Friday,27,7,1,73.0,1200,0,0,0
1430,comedy,2023-07-08,Saturday,27,7,1,91.1,1300,0,0,0
1431,experimental,2023-07-08,Saturday,27,7,1,75.3,1200,0,0,0
1432,musical,2023-07-08,Saturday,27,7,1,78.7,2200,0,0,0
1433,comedy,2023-07-09,Sunday,27,7,1,87.0,1300,0,0,0
1434,comedy,2023-07-09,Sunday,27,7,1,88.1,1300,0,0,0
1435,musical,2023-07-09,Sunday,27,7,1,80.6,1800,0,0,0
1436,comedy,2023-07-10,Monday,28,7,0,60.6,1200,0,0,0
1437,classic,2023-07-11,Tuesday,28,7,0,52.8,1500,0,0,0
1438,musical,2023-07-11,Tuesday,28,7,0,58.7,2000,0,0,0
1439,comedy,2023-07-12,Wednesday,28,7,0,62.7,1000,0,0,0
1440,comedy,2023-07-12,Wednesday,28,7,0,67.8,1400,0,0,0
1441,modern,2023-07-13,Thursday,28,7,0,62.2,1200,0,0,0
1442,comedy,2023-07-13,Thursday,28,7,0,74.4,1300,0,0,0
1443,comedy,2023-07-14,Friday,28,7,1,71.1,1300,0,0,0
1444,classic,2023-07-15,Saturday,28,7,1,75.0,2000,0,0,0
1445,modern,2023-07-15,Saturday,28,7,1,83.0,1600,0,0,0
1446,modern,2023-07-16,Sunday,28,7,1,82.8,1200,0,0,0
1447,experimental,2023-07-16,Sunday,28,7,1,68.8,900,0,0,0
1448,comedy,2023-07-16,Sunday,28,7,1,78.3,1400,0,0,0
1449,comedy,2023-07-16,Sunday,28,7,1,79.7,1400,0,0,0
1450,experimental,2023-07-17,Monday,29,7,0,46.9,1000,0,0,0
1451,drama,2023-07-18,Tuesday,29,7,0,33.8,1600,0,0,0
1452,drama,2023-07-19,Wednesday,29,7,0,46.2,1400,0,0,0
1453,modern,2023-07-20,Thursday,29,7,0,61.4,1300,0,0,0
1454,comedy,2023-07-20,Thursday,29,7,0,73.3,1000,0,0,0
1455,drama,2023-07-20,Thursday,29,7,0,51.4,1500,0,0,0
1456,comedy,2023-07-21,Friday,29,7,1,72.7,1200,0,0,0
1457,drama,2023-07-21,Friday,29,7,1,52.0,1600,0,0,0
1458,comedy,2023-07-22,Saturday,29,7,1,83.7,1400,0,0,0
1459,comedy,2023-07-22,Saturday,29,7,1,92.4,1300,0,0,0
1460,comedy,2023-07-23,Sunday,29,7,1,85.9,1100,0,0,0
1461,musical,2023-07-23,Sunday,29,7,1,84.5,1600,0,0,0
1462,musical,2023-07-23,Sunday,29,7,1,76.0,2300,0,0,0
1463,drama,2023-07-23,Sunday,29,7,1,65.8,1300,0,0,0
1464,modern,2023-07-24,Monday,30,7,0,46.9,1200,0,0,0
1465,comedy,2023-07-24,Monday,30,7,0,51.4,1300,0,0,0
1466,comedy,2023-07-25,Tuesday,30,7,0,60.6,1300,0,0,0
1467,classic,2023-07-25,Tuesday,30,7,0,47.7,2000,0,0,0
1468,comedy,2023-07-26,Wednesday,30,7,0,63.6,1200,0,0,0
1469,modern,2023-07-26,Wednesday,30,7,0,53.9,1500,0,0,0
1470,comedy,2023-07-26,Wednesday,30,7,0,67.2,1300,0,0,0
1471,modern,2023-07-27,Thursday,30,7,0,64.0,1600,0,0,0
1472,comedy,2023-07-27,Thursday,30,7,0,68.6,1400,0,0,0
1473,classic,2023-07-27,Thursday,30,7,0,57.6,2100,0,0,0
1474,drama,2023-07-28,Friday,30,7,1,55.6,1400,0,0,0
1475,modern,2023-07-28,Friday,30,7,1,66.8,1300,0,0,0
1476,comedy,2023-07-29,Saturday,30,7,1,86.0,1100,0,0,0
1477,drama,2023-07-29,Saturday,30,7,1,62.4,1800,0,0,0
1478,modern,2023-07-29,Saturday,30,7,1,78.4,1600,0,0,0
1479,drama,2023-07-30,Sunday,30,7,1,61.2,1600,0,0,0
1480,musical,2023-07-30,Sunday,30,7,1,74.7,1700,0,0,0
1481,musical,2023-07-31,Monday,31,7,0,51.6,2000,0,0,0
1482,drama,2023-07-31,Monday,31,7,0,39.0,1400,0,0,0
1483,musical,2023-07-31,Monday,31,7,0,47.5,2400,0,0,0
1484,drama,2023-08-01,Tuesday,31,8,0,38.0,1200,0,0,0
1485,modern,2023-08-01,Tuesday,31,8,0,50.7,1300,0,0,0
1486,comedy,2023-08-01,Tuesday,31,8,0,56.6,1200,0,0,0
1487,comedy,2023-08-02,Wednesday,31,8,0,60.6,1100,0,0,0
1488,modern,2023-08-02,Wednesday,31,8,0,56.2,1600,0,0,0
1489,classic,2023-08-03,Thursday,31,8,0,62.4,1900,0,0,0
1490,drama,2023-08-03,Thursday,31,8,0,52.8,1700,0,0,0
1491,musical,2023-08-04,Friday,31,8,1,68.9,2100,0,0,0
1492,comedy,2023-08-04,Friday,31,8,1,79.2,1000,0,0,0
1493,comedy,2023-08-04,Friday,31,8,1,71.0,1400,0,0,0
1494,drama,2023-08-05,Saturday,31,8,1,70.9,1400,0,0,0
1495,comedy,2023-08-05,Saturday,31,8,1,86.8,1400,0,0,0
1496,drama,2023-08-06,Sunday,31,8,1,62.8,1700,0,0,0
1497,comedy,2023-08-06,Sunday,31,8,1,80.5,1200,0,0,0
1498,modern,2023-08-07,Monday,32,8,0,45.0,1700,0,0,0
1499,modern,2023-08-07,Monday,32,8,0,49.1,1400,0,0,0
1500,musical,2023-08-07,Monday,32,8,0,46.5,2000,0,0,0
1501,drama,2023-08-08,Tuesday,32,8,0,41.3,1600,0,0,0
1502,comedy,2023-08-08,Tuesday,32,8,0,55.9,1200,0,0,0
1503,classic,2023-08-09,Wednesday,32,8,0,57.0,1600,0,0,0
1504,musical,2023-08-10,Thursday,32,8,0,61.2,2100,0,0,0
1505,comedy,2023-08-11,Friday,32,8,1,75.2,1200,0,0,0
1506,modern,2023-08-11,Friday,32,8,1,65.4,1400,0,0,0
1507,classic,2023-08-11,Friday,32,8,1,62.1,1800,0,0,0
1508,modern,2023-08-12,Saturday,32,8,1,85.5,1300,0,0,0
1509,musical,2023-08-12,Saturday,32,8,1,84.6,2000,0,0,0
1510,musical,2023-08-13,Sunday,32,8,1,83.5,1800,0,0,0
1511,drama,2023-08-13,Sunday,32,8,1,61.1,1200,0,0,0
1512,modern,2023-08-14,Monday,33,8,0,52.5,1500,0,0,0
1513,classic,2023-08-15,Tuesday,33,8,0,45.2,1700,0,0,0
1514,comedy,2023-08-15,Tuesday,33,8,0,56.4,1300,0,0,0
1515,comedy,2023-08-16,Wednesday,33,8,0,61.4,1200,0,0,0
1516,comedy,2023-08-16,Wednesday,33,8,0,65.8,1200,0,0,0
1517,classic,2023-08-17,Thursday,33,8,0,64.5,1500,0,0,0
1518,modern,2023-08-17,Thursday,33,8,0,60.7,1100,0,0,0
1519,comedy,2023-08-18,Friday,33,8,1,74.0,1400,0,0,0
1520,drama,2023-08-19,Saturday,33,8,1,69.7,1400,0,0,0
1521,comedy,2023-08-19,Saturday,33,8,1,88.5,1100,0,0,0
1522,modern,2023-08-19,Saturday,33,8,1,78.8,1700,0,0,0
1523,classic,2023-08-19,Saturday,33,8,1,77.1,2100,0,0,0
1524,classic,2023-08-20,Sunday,33,8,1,68.4,2100,0,0,0
1525,drama,2023-08-20,Sunday,33,8,1,59.5,1700,0,0,0
1526,drama,2023-08-20,Sunday,33,8,1,62.7,1600,0,0,0
1527,comedy,2023-08-20,Sunday,33,8,1,82.6,1100,0,0,0
1528,comedy,2023-08-21,Monday,34,8,0,59.3,1100,0,0,0
1529,classic,2023-08-21,Monday,34,8,0,48.2,1500,0,0,0
1530,classic,2023-08-22,Tuesday,34,8,0,53.7,1800,0,0,0
1531,modern,2023-08-22,Tuesday,34,8,0,57.0,1300,0,0,0
1532,modern,2023-08-22,Tuesday,34,8,0,56.6,1600,0,0,0
1533,drama,2023-08-23,Wednesday,34,8,0,41.2,1300,0,0,0
1534,experimental,2023-08-24,Thursday,34,8,0,60.5,1000,0,0,0
1535,modern,2023-08-25,Friday,34,8,1,73.6,1200,0,0,0
1536,classic,2023-08-25,Friday,34,8,1,62.9,1900,0,0,0
1537,comedy,2023-08-25,Friday,34,8,1,74.9,1200,0,0,0
1538,drama,2023-08-26,Saturday,34,8,1,67.3,1800,0,0,0
1539,comedy,2023-08-26,Saturday,34,8,1,89.9,1300,0,0,0
1540,modern,2023-08-26,Saturday,34,8,1,83.8,1600,0,0,0
1541,musical,2023-08-26,Saturday,34,8,1,79.8,1700,0,0,0
1542,comedy,2023-08-27,Sunday,34,8,1,86.6,1300,0,0,0
1543,musical,2023-08-27,Sunday,34,8,1,76.0,2100,0,0,0
1544,musical,2023-08-27,Sunday,34,8,1,78.7,1700,0,0,0
1545,comedy,2023-08-28,Monday,35,8,0,60.2,1000,0,0,0
1546,comedy,2023-08-29,Tuesday,35,8,0,64.5,1300,0,0,0
1547,musical,2023-08-30,Wednesday,35,8,0,57.6,2100,0,0,0
1548,drama,2023-08-31,Thursday,35,8,0,53.4,1500,0,0,0
1549,experimental,2023-08-31,Thursday,35,8,0,52.9,1100,0,0,0
1550,drama,2023-09-01,Friday,35,9,1,68.7,1600,0,0,0
1551,classic,2023-09-01,Friday,35,9,1,78.2,1800,0,0,0
1552,drama,2023-09-01,Friday,35,9,1,68.1,1200,0,0,0
1553,drama,2023-09-02,Saturday,35,9,1,80.5,1800,0,0,0
1554,classic,2023-09-02,Saturday,35,9,1,91.7,1900,0,0,0
1555,drama,2023-09-02,Saturday,35,9,1,90.4,1600,0,0,0
1556,comedy,2023-09-03,Sunday,35,9,1,98.7,1200,0,0,0
1557,comedy,2023-09-03,Sunday,35,9,1,100.0,1100,0,0,0
1558,experimental,2023-09-03,Sunday,35,9,1,88.3,1000,0,0,0
1559,musical,2023-09-03,Sunday,35,9,1,98.4,2100,0,0,0
1560,musical,2023-09-04,Monday,36,9,0,66.6,1900,0,0,0
1561,comedy,2023-09-04,Monday,36,9,0,72.9,1200,0,0,0
1562,comedy,2023-09-04,Monday,36,9,0,78.0,1100,0,0,0
1563,comedy,2023-09-05,Tuesday,36,9,0,75.6,1400,0,0,0
1564,comedy,2023-09-05,Tuesday,36,9,0,74.5,1200,0,0,0
1565,drama,2023-09-05,Tuesday,36,9,0,62.0,1400,0,0,0
1566,comedy,2023-09-06,Wednesday,36,9,0,78.0,1300,0,0,0
1567,drama,2023-09-06,Wednesday,36,9,0,56.3,1600,0,0,0
1568,modern,2023-09-06,Wednesday,36,9,0,77.7,1400,0,0,0
1569,comedy,2023-09-07,Thursday,36,9,0,89.0,1400,0,0,0
1570,drama,2023-09-07,Thursday,36,9,0,68.5,1700,0,0,0
1571,experimental,2023-09-08,Friday,36,9,1,75.0,1200,0,0,0
1572,comedy,2023-09-08,Friday,36,9,1,91.8,1300,0,0,0
1573,musical,2023-09-08,Friday,36,9,1,85.6,1600,0,0,0
1574,classic,2023-09-09,Saturday,36,9,1,99.7,1700,0,0,0
1575,modern,2023-09-09,Saturday,36,9,1,100.0,1200,0,0,0
1576,comedy,2023-09-10,Sunday,36,9,1,100.0,1000,0,0,0
1577,modern,2023-09-10,Sunday,36,9,1,99.8,1200,0,0,0
1578,drama,2023-09-11,Monday,37,9,0,47.5,1700,0,0,0
1579,comedy,2023-09-11,Monday,37,9,0,77.1,1100,0,0,0
1580,drama,2023-09-11,Monday,37,9,0,52.4,1300,0,0,0
1581,modern,2023-09-12,Tuesday,37,9,0,75.0,1200,0,0,0
1582,drama,2023-09-13,Wednesday,37,9,0,56.7,1700,0,0,0
1583,comedy,2023-09-13,Wednesday,37,9,0,81.2,1200,0,0,0
1584,musical,2023-09-13,Wednesday,37,9,0,72.8,2100,0,0,0
1585,comedy,2023-09-14,Thursday,37,9,0,90.2,1300,0,0,0
1586,comedy,2023-09-14,Thursday,37,9,0,85.0,1300,0,0,0
1587,comedy,2023-09-15,Friday,37,9,1,95.6,1100,0,0,0
1588,comedy,2023-09-16,Saturday,37,9,1,100.0,1400,0,0,0
1589,comedy,2023-09-16,Saturday,37,9,1,100.0,1300,0,0,0
1590,comedy,2023-09-16,Saturday,37,9,1,100.0,1200,0,0,0
1591,musical,2023-09-17,Sunday,37,9,1,95.1,2000,0,0,0
1592,comedy,2023-09-17,Sunday,37,9,1,99.9,1000,0,0,0
1593,comedy,2023-09-17,Sunday,37,9,1,100.0,1300,0,0,0
1594,classic,2023-09-18,Monday,38,9,0,67.0,1900,0,0,0
1595,drama,2023-09-19,Tuesday,38,9,0,57.8,1800,0,0,0
1596,musical,2023-09-19,Tuesday,38,9,0,68.1,2000,0,0,0
1597,comedy,2023-09-19,Tuesday,38,9,0,75.5,1000,0,0,0
1598,comedy,2023-09-20,Wednesday,38,9,0,77.7,1400,0,0,0
1599,comedy,2023-09-20,Wednesday,38,9,0,86.5,1200,0,0,0
1600,comedy,2023-09-21,Thursday,38,9,0,91.1,1400,0,0,0
1601,comedy,2023-09-22,Friday,38,9,1,91.0,1200,0,0,0
1602,comedy,2023-09-23,Saturday,38,9,1,100.0,1100,0,0,0
1603,comedy,2023-09-23,Saturday,38,9,1,100.0,1100,0,0,0
1604,comedy,2023-09-23,Saturday,38,9,1,100.0,1400,0,0,0
1605,drama,2023-09-24,Sunday,38,9,1,77.7,1400,0,0,0
1606,comedy,2023-09-24,Sunday,38,9,1,100.0,1000,0,0,0
1607,comedy,2023-09-24,Sunday,38,9,1,100.0,1200,0,0,0
1608,drama,2023-09-24,Sunday,38,9,1,79.8,1700,0,0,0
1609,musical,2023-09-25,Monday,39,9,0,65.3,1600,0,0,0
1610,comedy,2023-09-25,Monday,39,9,0,77.8,1100,0,0,0
1611,experimental,2023-09-25,Monday,39,9,0,64.1,1000,0,0,0
1612,musical,2023-09-26,Tuesday,39,9,0,75.0,1900,0,0,0
1613,comedy,2023-09-26,Tuesday,39,9,0,74.7,1100,0,0,0
1614,classic,2023-09-26,Tuesday,39,9,0,69.9,1600,0,0,0
1615,modern,2023-09-27,Wednesday,39,9,0,72.4,1400,0,0,0
1616,comedy,2023-09-27,Wednesday,39,9,0,82.2,1400,0,0,0
1617,comedy,2023-09-27,Wednesday,39,9,0,83.0,1000,0,0,0
1618,classic,2023-09-28,Thursday,39,9,0,74.8,2000,0,0,0
1619,musical,2023-09-29,Friday,39,9,1,82.9,2100,0,0,0
1620,comedy,2023-09-30,Saturday,39,9,1,100.0,1000,0,0,0
1621,comedy,2023-09-30,Saturday,39,9,1,100.0,1200,0,0,0
1622,comedy,2023-09-30,Saturday,39,9,1,100.0,1400,0,0,0
1623,drama,2023-10-01,Sunday,39,10,1,79.8,1500,0,0,0
1624,musical,2023-10-01,Sunday,39,10,1,97.2,2000,0,0,0
1625,comedy,2023-10-01,Sunday,39,10,1,98.8,1400,0,0,0
1626,drama,2023-10-01,Sunday,39,10,1,84.9,1200,0,0,0
1627,musical,2023-10-02,Monday,40,10,0,70.2,1800,0,0,0
1628,comedy,2023-10-02,Monday,40,10,0,75.7,1000,0,0,0
1629,comedy,2023-10-03,Tuesday,40,10,0,77.4,1000,0,0,0
1630,musical,2023-10-03,Tuesday,40,10,0,73.7,1900,0,0,0
1631,classic,2023-10-04,Wednesday,40,10,0,73.6,1800,0,0,0
1632,drama,2023-10-04,Wednesday,40,10,0,63.6,1600,0,0,0
1633,drama,2023-10-04,Wednesday,40,10,0,64.8,1200,0,0,0
1634,comedy,2023-10-05,Thursday,40,10,0,85.9,1000,0,0,0
1635,drama,2023-10-05,Thursday,40,10,0,69.9,1700,0,0,0
1636,drama,2023-10-06,Friday,40,10,1,69.8,1800,0,0,0
1637,comedy,2023-10-06,Friday,40,10,1,91.7,1400,0,0,0
1638,comedy,2023-10-07,Saturday,40,10,1,100.0,1000,0,0,0
1639,comedy,2023-10-07,Saturday,40,10,1,100.0,1100,0,0,0
1640,comedy,2023-10-07,Saturday,40,10,1,100.0,1000,0,0,0
1641,comedy,2023-10-08,Sunday,40,10,1,100.0,1000,0,0,0
1642,comedy,2023-10-08,Sunday,40,10,1,100.0,1400,0,0,0
1643,comedy,2023-10-08,Sunday,40,10,1,100.0,1400,0,0,0
1644,comedy,2023-10-09,Monday,41,10,0,74.0,1200,0,0,0
1645,classic,2023-10-10,Tuesday,41,10,0,64.3,1600,0,0,0
1646,drama,2023-10-10,Tuesday,41,10,0,56.2,1500,0,0,0
1647,musical,2023-10-10,Tuesday,41,10,0,67.1,2400,0,0,0
1648,experimental,2023-10-11,Wednesday,41,10,0,66.1,900,0,0,0
1649,drama,2023-10-11,Wednesday,41,10,0,58.5,1600,0,0,0
1650,comedy,2023-10-12,Thursday,41,10,0,84.3,1300,0,0,0
1651,drama,2023-10-12,Thursday,41,10,0,66.3,1500,0,0,0
1652,drama,2023-10-12,Thursday,41,10,0,70.6,1600,0,0,0
1653,musical,2023-10-13,Friday,41,10,1,82.0,2400,0,0,0
1654,drama,2023-10-13,Friday,41,10,1,74.1,1800,0,0,0
1655,comedy,2023-10-13,Friday,41,10,1,94.2,1000,0,0,0
1656,comedy,2023-10-14,Saturday,41,10,1,100.0,1200,0,0,0
1657,comedy,2023-10-14,Saturday,41,10,1,100.0,1000,0,0,0
1658,musical,2023-10-14,Saturday,41,10,1,100.0,2300,0,0,0
1659,drama,2023-10-15,Sunday,41,10,1,77.7,1200,0,0,0
1660,comedy,2023-10-15,Sunday,41,10,1,100.0,1300,0,0,0
1661,modern,2023-10-15,Sunday,41,10,1,97.3,1300,0,0,0
1662,musical,2023-10-16,Monday,42,10,0,68.6,1700,0,0,0
1663,comedy,2023-10-16,Monday,42,10,0,73.9,1100,0,0,0
1664,comedy,2023-10-16,Monday,42,10,0,71.2,1000,0,0,0
1665,comedy,2023-10-17,Tuesday,42,10,0,79.6,1200,0,0,0
1666,comedy,2023-10-17,Tuesday,42,10,0,74.6,1100,0,0,0
1667,comedy,2023-10-18,Wednesday,42,10,0,83.0,1000,0,0,0
1668,comedy,2023-10-18,Wednesday,42,10,0,77.4,1400,0,0,0
1669,comedy,2023-10-18,Wednesday,42,10,0,83.7,1300,0,0,0
1670,comedy,2023-10-19,Thursday,42,10,0,85.1,1400,0,0,0
1671,classic,2023-10-20,Friday,42,10,1,78.8,1600,0,0,0
1672,comedy,2023-10-20,Friday,42,10,1,89.6,1000,0,0,0
1673,drama,2023-10-21,Saturday,42,10,1,81.7,1500,0,0,0
1674,drama,2023-10-21,Saturday,42,10,1,88.9,1600,0,0,0
1675,modern,2023-10-21,Saturday,42,10,1,100.0,1300,0,0,0
1676,comedy,2023-10-21,Saturday,42,10,1,100.0,1000,0,0,0
1677,comedy,2023-10-22,Sunday,42,10,1,100.0,1400,0,0,0
1678,modern,2023-10-22,Sunday,42,10,1,96.8,1600,0,0,0
1679,classic,2023-10-22,Sunday,42,10,1,90.9,2000,0,0,0
1680,classic,2023-10-23,Monday,43,10,0,65.4,2100,0,0,0
1681,comedy,2023-10-24,Tuesday,43,10,0,72.9,1300,0,0,0
1682,comedy,2023-10-25,Wednesday,43,10,0,81.7,1200,0,0,0
1683,musical,2023-10-25,Wednesday,43,10,0,70.5,2400,0,0,0
1684,modern,2023-10-25,Wednesday,43,10,0,71.1,1600,0,0,0
1685,drama,2023-10-26,Thursday,43,10,0,67.8,1800,0,0,0
1686,drama,2023-10-26,Thursday,43,10,0,69.5,1500,0,0,0
1687,comedy,2023-10-27,Friday,43,10,1,97.6,1000,0,0,0
1688,experimental,2023-10-27,Friday,43,10,1,79.0,1100,0,0,0
1689,comedy,2023-10-27,Friday,43,10,1,90.1,1300,0,0,0
1690,comedy,2023-10-28,Saturday,43,10,1,100.0,1300,0,0,0
1691,drama,2023-10-28,Saturday,43,10,1,84.0,1800,0,0,0
1692,drama,2023-10-28,Saturday,43,10,1,80.6,1700,0,0,0
1693,comedy,2023-10-28,Saturday,43,10,1,100.0,1000,0,0,0
1694,comedy,2023-10-29,Sunday,43,10,1,100.0,1000,0,0,0
1695,musical,2023-10-29,Sunday,43,10,1,100.0,1800,0,0,0
1696,comedy,2023-10-30,Monday,44,10,0,76.7,1400,0,0,0
1697,drama,2023-10-30,Monday,44,10,0,54.6,1400,0,0,0
1698,comedy,2023-10-30,Monday,44,10,0,70.3,1200,0,0,0
1699,drama,2023-10-31,Tuesday,44,10,0,52.4,1600,0,0,0
1700,drama,2023-10-31,Tuesday,44,10,0,57.4,1600,0,0,0
1701,comedy,2023-11-01,Wednesday,44,11,0,81.4,1000,0,0,0
1702,comedy,2023-11-01,Wednesday,44,11,0,79.7,1300,0,0,0
1703,comedy,2023-11-01,Wednesday,44,11,0,78.9,1400,0,0,0
1704,comedy,2023-11-02,Thursday,44,11,0,90.3,1000,0,0,0
1705,modern,2023-11-03,Friday,44,11,1,80.8,1300,0,0,0
1706,comedy,2023-11-03,Friday,44,11,1,90.2,1200,0,0,0
1707,classic,2023-11-03,Friday,44,11,1,83.7,1500,0,0,0
1708,comedy,2023-11-04,Saturday,44,11,1,100.0,1100,0,0,0
1709,musical,2023-11-04,Saturday,44,11,1,100.0,2000,0,0,0
1710,experimental,2023-11-04,Saturday,44,11,1,89.4,1100,0,0,0
1711,drama,2023-11-04,Saturday,44,11,1,79.6,1200,0,0,0
1712,drama,2023-11-05,Sunday,44,11,1,77.9,1400,0,0,0
1713,drama,2023-11-05,Sunday,44,11,1,74.7,1400,0,0,0
1714,comedy,2023-11-05,Sunday,44,11,1,96.4,1400,0,0,0
1715,modern,2023-11-06,Monday,45,11,0,60.4,1700,0,0,0
1716,classic,2023-11-06,Monday,45,11,0,61.7,1700,0,0,0
1717,modern,2023-11-07,Tuesday,45,11,0,65.9,1300,0,0,0
1718,comedy,2023-11-07,Tuesday,45,11,0,71.5,1200,0,0,0
1719,musical,2023-11-08,Wednesday,45,11,0,72.5,1800,0,0,0
1720,modern,2023-11-09,Thursday,45,11,0,83.9,1400,0,0,0
1721,comedy,2023-11-09,Thursday,45,11,0,87.4,1400,0,0,0
1722,comedy,2023-11-09,Thursday,45,11,0,86.5,1400,0,0,0
1723,musical,2023-11-10,Friday,45,11,1,82.0,2200,0,0,0
1724,drama,2023-11-11,Saturday,45,11,1,86.6,1500,0,0,0
1725,classic,2023-11-11,Saturday,45,11,1,89.5,1800,0,0,0
1726,comedy,2023-11-11,Saturday,45,11,1,100.0,1100,0,0,0
1727,experimental,2023-11-11,Saturday,45,11,1,93.1,900,0,0,0
1728,comedy,2023-11-12,Sunday,45,11,1,99.8,1000,0,0,0
1729,comedy,2023-11-12,Sunday,45,11,1,99.8,1400,0,0,0
1730,comedy,2023-11-13,Monday,46,11,0,66.5,1100,0,0,0
1731,classic,2023-11-13,Monday,46,11,0,58.2,1500,0,0,0
1732,musical,2023-11-14,Tuesday,46,11,0,70.7,2200,0,0,0
1733,drama,2023-11-14,Tuesday,46,11,0,53.2,1400,0,0,0
1734,comedy,2023-11-15,Wednesday,46,11,0,77.7,1200,0,0,0
1735,classic,2023-11-15,Wednesday,46,11,0,68.3,1600,0,0,0
1736,comedy,2023-11-15,Wednesday,46,11,0,79.5,1200,0,0,0
1737,classic,2023-11-16,Thursday,46,11,0,70.4,1900,0,0,0
1738,drama,2023-11-16,Thursday,46,11,0,61.6,1800,0,0,0
1739,comedy,2023-11-16,Thursday,46,11,0,83.0,1300,0,0,0
1740,drama,2023-11-17,Friday,46,11,1,64.0,1700,0,0,0
1741,comedy,2023-11-17,Friday,46,11,1,89.0,1200,0,0,0
1742,musical,2023-11-18,Saturday,46,11,1,100.0,1600,0,0,0
1743,drama,2023-11-18,Saturday,46,11,1,82.2,1700,0,0,0
1744,comedy,2023-11-19,Sunday,46,11,1,98.8,1300,0,0,0
1745,classic,2023-11-19,Sunday,46,11,1,90.2,1700,0,0,0
1746,comedy,2023-11-20,Monday,47,11,0,72.6,1100,0,0,0
1747,drama,2023-11-21,Tuesday,47,11,0,53.5,1600,0,0,0
1748,modern,2023-11-21,Tuesday,47,11,0,69.1,1400,0,0,0
1749,musical,2023-11-22,Wednesday,47,11,0,76.8,1800,0,0,0
1750,comedy,2023-11-22,Wednesday,47,11,0,81.2,1100,0,0,0
1751,modern,2023-11-22,Wednesday,47,11,0,72.9,1700,0,0,0
1752,musical,2023-11-23,Thursday,47,11,0,78.9,2300,0,0,0
1753,comedy,2023-11-23,Thursday,47,11,0,82.7,1200,0,0,0
1754,comedy,2023-11-23,Thursday,47,11,0,89.4,1300,0,0,0
1755,experimental,2023-11-24,Friday,47,11,1,79.1,1000,0,0,0
1756,musical,2023-11-24,Friday,47,11,1,79.1,2100,0,0,0
1757,drama,2023-11-24,Friday,47,11,1,68.6,1600,0,0,0
1758,classic,2023-11-25,Saturday,47,11,1,96.6,1500,0,0,0
1759,experimental,2023-11-25,Saturday,47,11,1,97.1,800,0,0,0
1760,comedy,2023-11-25,Saturday,47,11,1,100.0,1000,0,0,0
1761,comedy,2023-11-26,Sunday,47,11,1,98.2,1200,0,0,0
1762,comedy,2023-11-26,Sunday,47,11,1,99.5,1100,0,0,0
1763,musical,2023-11-26,Sunday,47,11,1,92.2,2100,0,0,0
1764,comedy,2023-11-27,Monday,48,11,0,72.7,1300,0,0,0
1765,drama,2023-11-27,Monday,48,11,0,50.4,1500,0,0,0
1766,experimental,2023-11-27,Monday,48,11,0,57.8,1200,0,0,0
1767,classic,2023-11-28,Tuesday,48,11,0,61.8,1700,0,0,0
1768,comedy,2023-11-28,Tuesday,48,11,0,72.7,1400,0,0,0
1769,classic,2023-11-29,Wednesday,48,11,0,71.9,1900,0,0,0
1770,comedy,2023-11-29,Wednesday,48,11,0,81.7,1300,0,0,0
1771,classic,2023-11-30,Thursday,48,11,0,71.2,1900,0,0,0
1772,comedy,2023-11-30,Thursday,48,11,0,86.0,1100,0,0,0
1773,comedy,2023-12-01,Friday,48,12,1,93.1,1400,0,0,0
1774,experimental,2023-12-02,Saturday,48,12,1,93.3,1100,0,0,0
1775,comedy,2023-12-02,Saturday,48,12,1,100.0,1200,0,0,0
1776,comedy,2023-12-02,Saturday,48,12,1,100.0,1200,0,0,0
1777,musical,2023-12-03,Sunday,48,12,1,89.9,1800,0,0,0
1778,musical,2023-12-03,Sunday,48,12,1,91.2,2100,0,0,0
1779,musical,2023-12-03,Sunday,48,12,1,94.4,2400,0,0,0
1780,musical,2023-12-03,Sunday,48,12,1,94.3,2400,0,0,0
1781,drama,2023-12-04,Monday,49,12,0,55.6,1200,0,0,0
1782,comedy,2023-12-04,Monday,49,12,0,76.1,1000,0,0,0
1783,comedy,2023-12-05,Tuesday,49,12,0,75.2,1100,0,0,0
1784,comedy,2023-12-05,Tuesday,49,12,0,75.8,1100,0,0,0
1785,modern,2023-12-05,Tuesday,49,12,0,70.4,1600,0,0,0
1786,drama,2023-12-06,Wednesday,49,12,0,61.0,1300,0,0,0
1787,drama,2023-12-07,Thursday,49,12,0,66.3,1300,0,0,0
1788,drama,2023-12-08,Friday,49,12,1,66.0,1300,0,0,0
1789,modern,2023-12-08,Friday,49,12,1,82.3,1200,0,0,0
1790,comedy,2023-12-08,Friday,49,12,1,90.8,1200,0,0,0
1791,drama,2023-12-09,Saturday,49,12,1,84.5,1200,0,0,0
1792,drama,2023-12-09,Saturday,49,12,1,80.7,1800,0,0,0
1793,musical,2023-12-10,Sunday,49,12,1,89.8,2000,0,0,0
1794,comedy,2023-12-10,Sunday,49,12,1,96.4,1400,0,0,0
1795,classic,2023-12-10,Sunday,49,12,1,92.3,1900,0,0,0
1796,modern,2023-12-11,Monday,50,12,0,62.2,1500,0,0,0
1797,drama,2023-12-12,Tuesday,50,12,0,57.8,1600,0,0,0
1798,musical,2023-12-12,Tuesday,50,12,0,64.4,2300,0,0,0
1799,modern,2023-12-12,Tuesday,50,12,0,65.2,1600,0,0,0
1800,musical,2023-12-13,Wednesday,50,12,0,70.2,2400,0,0,0
1801,comedy,2023-12-14,Thursday,50,12,0,88.3,1000,0,0,0
1802,drama,2023-12-14,Thursday,50,12,0,60.9,1700,0,0,0
1803,musical,2023-12-15,Friday,50,12,1,85.1,1600,0,0,0
1804,drama,2023-12-16,Saturday,50,12,1,80.0,1800,0,0,0
1805,musical,2023-12-16,Saturday,50,12,1,99.2,2000,0,0,0
1806,modern,2023-12-17,Sunday,50,12,1,97.6,1400,0,0,0
1807,modern,2023-12-17,Sunday,50,12,1,92.1,1600,0,0,0
1808,drama,2023-12-17,Sunday,50,12,1,74.8,1300,0,0,0
1809,comedy,2023-12-17,Sunday,50,12,1,99.4,1000,0,0,0
1810,modern,2023-12-18,Monday,51,12,0,60.0,1500,0,0,0
1811,classic,2023-12-18,Monday,51,12,0,59.0,1700,0,0,0
1812,comedy,2023-12-19,Tuesday,51,12,0,71.4,1300,0,0,0
1813,modern,2023-12-19,Tuesday,51,12,0,72.4,1600,0,0,0
1814,classic,2023-12-19,Tuesday,51,12,0,64.0,2000,0,0,0
1815,drama,2023-12-20,Wednesday,51,12,0,54.2,1400,0,0,0
1816,drama,2023-12-21,Thursday,51,12,0,68.2,1500,0,0,0
1817,comedy,2023-12-22,Friday,51,12,1,86.8,1100,0,0,0
1818,comedy,2023-12-23,Saturday,51,12,1,100.0,1400,0,0,0
1819,comedy,2023-12-23,Saturday,51,12,1,98.7,1300,0,0,0
1820,classic,2023-12-23,Saturday,51,12,1,95.1,1900,0,0,0
1821,comedy,2023-12-24,Sunday,51,12,1,98.3,1300,0,0,0
1822,comedy,2023-12-24,Sunday,51,12,1,100.0,1000,0,0,0
1823,comedy,2023-12-25,Monday,52,12,0,72.5,1300,0,0,0
1824,drama,2023-12-25,Monday,52,12,0,53.8,1600,0,0,0
1825,modern,2023-12-25,Monday,52,12,0,62.8,1300,0,0,0
1826,comedy,2023-12-26,Tuesday,52,12,0,74.6,1200,0,0,0
1827,comedy,2023-12-27,Wednesday,52,12,0,81.4,1100,0,0,0
1828,musical,2023-12-27,Wednesday,52,12,0,74.2,2300,0,0,0
1829,drama,2023-12-27,Wednesday,52,12,0,60.3,1700,0,0,0
1830,comedy,2023-12-28,Thursday,52,12,0,85.6,1300,0,0,0
1831,drama,2023-12-29,Friday,52,12,1,68.1,1500,0,0,0
1832,comedy,2023-12-30,Saturday,52,12,1,100.0,1000,0,0,0
1833,comedy,2023-12-30,Saturday,52,12,1,100.0,1000,0,0,0
1834,drama,2023-12-30,Saturday,52,12,1,83.5,1500,0,0,0
1835,drama,2023-12-31,Sunday,52,12,1,82.2,1300,0,0,0
1836,modern,2023-12-31,Sunday,52,12,1,95.0,1400,0,0,0
1837,comedy,2024-01-01,Monday,1,1,1,65.7,1500,0,0,0
1838,drama,2024-01-01,Monday,1,1,1,51.7,1800,0,0,0
1839,musical,2024-01-01,Monday,1,1,1,63.3,2400,0,0,0
1840,comedy,2024-01-02,Tuesday,1,1,0,74.4,1500,0,0,0
1841,musical,2024-01-02,Tuesday,1,1,0,64.5,2600,0,0,0
1842,comedy,2024-01-03,Wednesday,1,1,0,81.4,1400,0,0,0
1843,modern,2024-01-04,Thursday,1,1,0,74.5,1500,0,0,0
1844,comedy,2024-01-04,Thursday,1,1,0,86.2,1400,0,0,0
1845,drama,2024-01-04,Thursday,1,1,0,58.2,1800,0,0,0
1846,comedy,2024-01-05,Friday,1,1,1,86.7,1700,0,0,0
1847,modern,2024-01-06,Saturday,1,1,1,100.0,1600,0,0,0
1848,drama,2024-01-06,Saturday,1,1,1,85.6,2000,0,0,0
1849,drama,2024-01-06,Saturday,1,1,1,80.4,1900,0,0,0
1850,comedy,2024-01-07,Sunday,1,1,1,100.0,1400,0,0,0
1851,musical,2024-01-07,Sunday,1,1,1,87.4,2300,0,0,0
1852,comedy,2024-01-07,Sunday,1,1,1,100.0,1700,0,0,0
1853,classic,2024-01-08,Monday,2,1,0,57.1,2300,0,0,0
1854,comedy,2024-01-09,Tuesday,2,1,0,71.9,1700,0,0,0
1855,comedy,2024-01-10,Wednesday,2,1,0,74.6,1600,0,0,0
1856,comedy,2024-01-11,Thursday,2,1,0,88.2,1600,0,0,0
1857,drama,2024-01-12,Friday,2,1,1,66.7,1900,0,0,0
1858,drama,2024-01-12,Friday,2,1,1,69.8,1800,0,0,0
1859,comedy,2024-01-13,Saturday,2,1,1,99.8,1400,0,0,0
1860,experimental,2024-01-13,Saturday,2,1,1,95.2,1100,0,0,0
1861,drama,2024-01-14,Sunday,2,1,1,79.4,1500,0,0,0
1862,drama,2024-01-14,Sunday,2,1,1,80.6,1900,0,0,0
1863,drama,2024-01-15,Monday,3,1,0,45.1,1600,0,0,0
1864,drama,2024-01-16,Tuesday,3,1,0,54.8,1500,0,0,0
1865,drama,2024-01-16,Tuesday,3,1,0,47.7,1900,0,0,0
1866,comedy,2024-01-16,Tuesday,3,1,0,72.4,1600,0,0,0
1867,comedy,2024-01-17,Wednesday,3,1,0,80.4,1500,0,0,0
1868,classic,2024-01-18,Thursday,3,1,0,79.5,1800,0,0,0
1869,modern,2024-01-19,Friday,3,1,1,83.5,1900,0,0,0
1870,comedy,2024-01-20,Saturday,3,1,1,100.0,1500,0,0,0
1871,comedy,2024-01-20,Saturday,3,1,1,99.8,1600,0,0,0
1872,musical,2024-01-20,Saturday,3,1,1,99.5,2800,0,0,0
1873,drama,2024-01-21,Sunday,3,1,1,75.4,1600,0,0,0
1874,comedy,2024-01-21,Sunday,3,1,1,100.0,1200,0,0,0
1875,comedy,2024-01-21,Sunday,3,1,1,100.0,1700,0,0,0
1876,musical,2024-01-21,Sunday,3,1,1,90.1,2500,0,0,0
1877,musical,2024-01-22,Monday,4,1,0,63.3,2000,0,0,0
1878,comedy,2024-01-22,Monday,4,1,0,68.6,1500,0,0,0
1879,comedy,2024-01-23,Tuesday,4,1,0,73.8,1300,0,0,0
1880,comedy,2024-01-23,Tuesday,4,1,0,73.8,1200,0,0,0
1881,musical,2024-01-23,Tuesday,4,1,0,66.1,2600,0,0,0
1882,comedy,2024-01-24,Wednesday,4,1,0,80.7,1300,0,0,0
1883,comedy,2024-01-25,Thursday,4,1,0,83.6,1700,0,0,0
1884,experimental,2024-01-25,Thursday,4,1,0,71.8,1400,0,0,0
1885,comedy,2024-01-26,Friday,4,1,1,85.8,1400,0,0,0
1886,musical,2024-01-27,Saturday,4,1,1,100.0,2500,0,0,0
1887,comedy,2024-01-27,Saturday,4,1,1,98.3,1600,0,0,0
1888,comedy,2024-01-27,Saturday,4,1,1,99.3,1600,0,0,0
1889,comedy,2024-01-28,Sunday,4,1,1,99.3,1400,0,0,0
1890,musical,2024-01-28,Sunday,4,1,1,88.5,2000,0,0,0
1891,classic,2024-01-28,Sunday,4,1,1,87.1,2400,0,0,0
1892,classic,2024-01-29,Monday,5,1,0,58.8,2200,0,0,0
1893,comedy,2024-01-29,Monday,5,1,0,67.3,1700,0,0,0
1894,musical,2024-01-29,Monday,5,1,0,56.8,2800,0,0,0
1895,comedy,2024-01-30,Tuesday,5,1,0,69.2,1700,0,0,0
1896,comedy,2024-01-31,Wednesday,5,1,0,79.0,1700,0,0,0
1897,classic,2024-01-31,Wednesday,5,1,0,65.6,2300,0,0,0
1898,comedy,2024-02-01,Thursday,5,2,0,86.6,1500,0,0,0
1899,comedy,2024-02-02,Friday,5,2,1,89.7,1400,0,0,0
1900,comedy,2024-02-02,Friday,5,2,1,87.2,1300,0,0,0
1901,comedy,2024-02-03,Saturday,5,2,1,100.0,1400,0,0,0
1902,comedy,2024-02-03,Saturday,5,2,1,100.0,1600,0,0,0
1903,drama,2024-02-03,Saturday,5,2,1,79.0,1700,0,0,0
1904,drama,2024-02-04,Sunday,5,2,1,77.6,1700,0,0,0
1905,classic,2024-02-04,Sunday,5,2,1,84.7,1900,0,0,0
1906,classic,2024-02-04,Sunday,5,2,1,92.1,2000,0,0,0
1907,comedy,2024-02-05,Monday,6,2,0,67.4,1600,0,0,0
1908,comedy,2024-02-05,Monday,6,2,0,67.9,1300,0,0,0
1909,comedy,2024-02-05,Monday,6,2,0,67.3,1500,0,0,0
1910,drama,2024-02-06,Tuesday,6,2,0,54.0,1900,0,0,0
1911,comedy,2024-02-06,Tuesday,6,2,0,77.8,1300,0,0,0
1912,musical,2024-02-06,Tuesday,6,2,0,67.0,2800,0,0,0
1913,drama,2024-02-07,Wednesday,6,2,0,58.9,1800,0,0,0
1914,drama,2024-02-07,Wednesday,6,2,0,53.4,1700,0,0,0
1915,drama,2024-02-08,Thursday,6,2,0,66.8,1800,0,0,0
1916,comedy,2024-02-08,Thursday,6,2,0,85.2,1500,0,0,0
1917,modern,2024-02-08,Thursday,6,2,0,74.5,1400,0,0,0
1918,experimental,2024-02-09,Friday,6,2,1,76.9,1400,0,0,0
1919,comedy,2024-02-10,Saturday,6,2,1,100.0,1400,0,0,0
1920,classic,2024-02-10,Saturday,6,2,1,95.3,1900,0,0,0
1921,drama,2024-02-11,Sunday,6,2,1,77.0,1600,0,0,0
1922,classic,2024-02-11,Sunday,6,2,1,90.0,1800,0,0,0
1923,experimental,2024-02-12,Monday,7,2,0,58.8,1400,0,0,0
1924,drama,2024-02-12,Monday,7,2,0,50.1,1500,0,0,0
1925,comedy,2024-02-12,Monday,7,2,0,65.4,1400,0,0,0
1926,comedy,2024-02-13,Tuesday,7,2,0,79.4,1300,0,0,0
1927,drama,2024-02-13,Tuesday,7,2,0,56.9,1500,0,0,0
1928,musical,2024-02-13,Tuesday,7,2,0,69.5,2600,0,0,0
1929,comedy,2024-02-14,Wednesday,7,2,0,75.0,1200,0,0,0
1930,comedy,2024-02-15,Thursday,7,2,0,85.8,1300,0,0,0
1931,classic,2024-02-16,Friday,7,2,1,73.9,2400,0,0,0
1932,modern,2024-02-16,Friday,7,2,1,81.1,1600,0,0,0
1933,drama,2024-02-17,Saturday,7,2,1,79.0,1800,0,0,0
1934,comedy,2024-02-17,Saturday,7,2,1,100.0,1600,0,0,0
1935,comedy,2024-02-17,Saturday,7,2,1,98.2,1600,0,0,0
1936,comedy,2024-02-18,Sunday,7,2,1,93.3,1600,0,0,0
1937,modern,2024-02-18,Sunday,7,2,1,92.9,1600,0,0,0
1938,comedy,2024-02-18,Sunday,7,2,1,94.1,1200,0,0,0
1939,drama,2024-02-18,Sunday,7,2,1,77.4,1600,0,0,0
1940,comedy,2024-02-19,Monday,8,2,0,68.1,1500,0,0,0
1941,drama,2024-02-19,Monday,8,2,0,52.1,2100,0,0,0
1942,musical,2024-02-20,Tuesday,8,2,0,62.9,2800,0,0,0
1943,classic,2024-02-20,Tuesday,8,2,0,63.7,2500,0,0,0
1944,comedy,2024-02-20,Tuesday,8,2,0,71.5,1500,0,0,0
1945,comedy,2024-02-21,Wednesday,8,2,0,75.6,1500,0,0,0
1946,comedy,2024-02-22,Thursday,8,2,0,79.1,1500,0,0,0
1947,modern,2024-02-22,Thursday,8,2,0,74.9,2000,0,0,0
1948,classic,2024-02-22,Thursday,8,2,0,72.3,2600,0,0,0
1949,drama,2024-02-23,Friday,8,2,1,70.1,2000,0,0,0
1950,musical,2024-02-23,Friday,8,2,1,82.6,2200,0,0,0
1951,musical,2024-02-23,Friday,8,2,1,84.3,2500,0,0,0
1952,comedy,2024-02-24,Saturday,8,2,1,100.0,1700,0,0,0
1953,modern,2024-02-24,Saturday,8,2,1,92.6,1900,0,0,0
1954,drama,2024-02-24,Saturday,8,2,1,82.2,2200,0,0,0
1955,comedy,2024-02-24,Saturday,8,2,1,100.0,1400,0,0,0
1956,drama,2024-02-25,Sunday,8,2,1,75.1,1500,0,0,0
1957,comedy,2024-02-25,Sunday,8,2,1,100.0,1200,0,0,0
1958,comedy,2024-02-26,Monday,9,2,0,68.0,1700,0,0,0
1959,musical,2024-02-26,Monday,9,2,0,57.3,2700,0,0,0
1960,comedy,2024-02-26,Monday,9,2,0,75.5,1300,0,0,0
1961,musical,2024-02-27,Tuesday,9,2,0,68.9,2100,0,0,0
1962,comedy,2024-02-27,Tuesday,9,2,0,71.0,1400,0,0,0
1963,comedy,2024-02-28,Wednesday,9,2,0,73.6,1500,0,0,0
1964,comedy,2024-02-28,Wednesday,9,2,0,80.8,1500,0,0,0
1965,comedy,2024-02-28,Wednesday,9,2,0,73.2,1600,0,0,0
1966,musical,2024-02-29,Thursday,9,2,0,80.4,2300,0,0,0
1967,comedy,2024-03-01,Friday,9,3,1,100.0,1600,0,1,1
1968,drama,2024-03-02,Saturday,9,3,1,100.0,1500,0,1,1
1969,drama,2024-03-02,Saturday,9,3,1,99.2,1800,0,1,1
1970,musical,2024-03-03,Sunday,9,3,1,100.0,2000,0,1,1
1971,modern,2024-03-03,Sunday,9,3,1,100.0,1600,0,1,1
1972,musical,2024-03-04,Monday,10,3,0,75.7,2000,0,1,1
1973,comedy,2024-03-04,Monday,10,3,0,85.8,1500,0,1,1
1974,comedy,2024-03-05,Tuesday,10,3,0,83.5,1600,0,1,1
1975,comedy,2024-03-05,Tuesday,10,3,0,92.0,1400,0,1,1
1976,drama,2024-03-06,Wednesday,10,3,0,74.4,2100,0,1,1
1977,comedy,2024-03-06,Wednesday,10,3,0,92.7,1700,0,1,1
1978,drama,2024-03-06,Wednesday,10,3,0,71.2,1600,0,1,1
1979,drama,2024-03-07,Thursday,10,3,0,76.1,1600,0,1,1
1980,comedy,2024-03-08,Friday,10,3,1,100.0,1200,0,1,1
1981,experimental,2024-03-09,Saturday,10,3,1,100.0,1100,0,1,1
1982,comedy,2024-03-09,Saturday,10,3,1,100.0,1400,0,1,1
1983,comedy,2024-03-09,Saturday,10,3,1,100.0,1600,0,1,1
1984,musical,2024-03-10,Sunday,10,3,1,100.0,2100,0,1,1
1985,drama,2024-03-10,Sunday,10,3,1,96.5,1700,0,1,1
1986,musical,2024-03-10,Sunday,10,3,1,100.0,2200,0,1,1
1987,drama,2024-03-10,Sunday,10,3,1,89.1,2000,0,1,1
1988,comedy,2024-03-11,Monday,11,3,0,88.4,1400,0,1,1
1989,classic,2024-03-11,Monday,11,3,0,74.5,2300,0,1,1
1990,experimental,2024-03-12,Tuesday,11,3,0,81.9,1100,0,1,1
1991,musical,2024-03-12,Tuesday,11,3,0,81.5,2100,0,1,1
1992,comedy,2024-03-13,Wednesday,11,3,0,89.9,1700,0,1,1
1993,drama,2024-03-13,Wednesday,11,3,0,71.1,1900,0,1,1
1994,comedy,2024-03-14,Thursday,11,3,0,96.6,1600,0,1,1
1995,comedy,2024-03-14,Thursday,11,3,0,100.0,1300,0,1,1
1996,modern,2024-03-14,Thursday,11,3,0,97.7,1600,0,1,1
1997,comedy,2024-03-15,Friday,11,3,1,100.0,1500,0,1,1
1998,modern,2024-03-16,Saturday,11,3,1,100.0,1900,0,1,1
1999,drama,2024-03-16,Saturday,11,3,1,100.0,2000,0,1,1
2000,comedy,2024-03-16,Saturday,11,3,1,100.0,1300,0,1,1
2001,drama,2024-03-16,Saturday,11,3,1,91.5,2000,0,1,1
2002,classic,2024-03-17,Sunday,11,3,1,98.0,2300,0,1,1
2003,musical,2024-03-17,Sunday,11,3,1,100.0,2200,0,1,1
2004,classic,2024-03-17,Sunday,11,3,1,100.0,1900,0,1,1
2005,musical,2024-03-18,Monday,12,3,0,84.7,2000,0,1,1
2006,musical,2024-03-18,Monday,12,3,0,77.2,2400,0,1,1
2007,classic,2024-03-19,Tuesday,12,3,0,80.5,2500,0,1,1
2008,comedy,2024-03-19,Tuesday,12,3,0,84.5,1400,0,1,1
2009,drama,2024-03-19,Tuesday,12,3,0,68.4,2100,0,1,1
2010,comedy,2024-03-20,Wednesday,12,3,0,96.9,1500,0,1,1
2011,modern,2024-03-20,Wednesday,12,3,0,85.7,1400,0,1,1
2012,modern,2024-03-20,Wednesday,12,3,0,83.2,1800,0,1,1
2013,comedy,2024-03-21,Thursday,12,3,0,100.0,1200,0,1,1
2014,musical,2024-03-21,Thursday,12,3,0,90.4,2600,0,1,1
2015,modern,2024-03-21,Thursday,12,3,0,97.2,1800,0,1,1
2016,comedy,2024-03-22,Friday,12,3,1,100.0,1200,0,1,1
2017,drama,2024-03-22,Friday,12,3,1,84.8,1600,0,1,1
2018,modern,2024-03-23,Saturday,12,3,1,100.0,1700,0,1,1
2019,comedy,2024-03-23,Saturday,12,3,1,100.0,1400,0,1,1
2020,musical,2024-03-23,Saturday,12,3,1,100.0,2700,0,1,1
2021,comedy,2024-03-23,Saturday,12,3,1,100.0,1400,0,1,1
2022,modern,2024-03-24,Sunday,12,3,1,100.0,1700,0,1,1
2023,modern,2024-03-24,Sunday,12,3,1,100.0,2000,0,1,1
2024,modern,2024-03-25,Monday,13,3,0,78.3,1400,0,1,1
2025,drama,2024-03-25,Monday,13,3,0,60.6,1800,0,1,1
2026,classic,2024-03-25,Monday,13,3,0,74.1,2100,0,1,1
2027,classic,2024-03-26,Tuesday,13,3,0,76.7,2400,0,1,1
2028,comedy,2024-03-26,Tuesday,13,3,0,85.4,1200,0,1,1
2029,classic,2024-03-27,Wednesday,13,3,0,87.1,1800,0,1,1
2030,comedy,2024-03-27,Wednesday,13,3,0,94.5,1500,0,1,1
2031,drama,2024-03-27,Wednesday,13,3,0,77.2,1600,0,1,1
2032,comedy,2024-03-28,Thursday,13,3,0,99.7,1400,0,1,1
2033,comedy,2024-03-29,Friday,13,3,1,100.0,1500,0,1,1
2034,comedy,2024-03-29,Friday,13,3,1,100.0,1300,0,1,1
2035,musical,2024-03-30,Saturday,13,3,1,100.0,2100,0,1,1
2036,comedy,2024-03-30,Saturday,13,3,1,100.0,1400,0,1,1
2037,musical,2024-03-31,Sunday,13,3,1,100.0,2400,0,1,1
2038,comedy,2024-03-31,Sunday,13,3,1,100.0,1200,0,1,1
2039,comedy,2024-04-01,Monday,14,4,0,87.5,1600,0,1,1
2040,drama,2024-04-01,Monday,14,4,0,60.8,1500,0,1,1
2041,experimental,2024-04-02,Tuesday,14,4,0,76.0,1000,0,1,1
2042,comedy,2024-04-02,Tuesday,14,4,0,86.8,1400,0,1,1
2043,musical,2024-04-02,Tuesday,14,4,0,81.2,2700,0,1,1
2044,classic,2024-04-03,Wednesday,14,4,0,81.7,2000,0,1,1
2045,musical,2024-04-03,Wednesday,14,4,0,82.7,2300,0,1,1
2046,comedy,2024-04-03,Wednesday,14,4,0,92.7,1400,0,1,1
2047,comedy,2024-04-04,Thursday,14,4,0,100.0,1600,0,1,1
2048,classic,2024-04-05,Friday,14,4,1,91.7,2500,0,1,1
2049,comedy,2024-04-05,Friday,14,4,1,100.0,1500,0,1,1
2050,classic,2024-04-06,Saturday,14,4,1,100.0,2000,0,1,1
2051,drama,2024-04-06,Saturday,14,4,1,96.3,1900,0,1,1
2052,modern,2024-04-07,Sunday,14,4,1,100.0,1700,0,1,1
2053,experimental,2024-04-07,Sunday,14,4,1,100.0,1200,0,1,1
2054,modern,2024-04-07,Sunday,14,4,1,100.0,1700,0,1,1
2055,comedy,2024-04-08,Monday,15,4,0,84.7,1500,0,1,1
2056,experimental,2024-04-09,Tuesday,15,4,0,81.2,1000,0,1,1
2057,drama,2024-04-10,Wednesday,15,4,0,71.4,1500,0,1,1
2058,drama,2024-04-10,Wednesday,15,4,0,69.5,1400,0,1,1
2059,musical,2024-04-10,Wednesday,15,4,0,89.6,2700,0,1,1
2060,classic,2024-04-11,Thursday,15,4,0,86.7,2300,0,1,1
2061,modern,2024-04-11,Thursday,15,4,0,95.1,1700,0,1,1
2062,experimental,2024-04-11,Thursday,15,4,0,83.6,1200,0,1,1
2063,drama,2024-04-12,Friday,15,4,1,85.4,1500,0,1,1
2064,drama,2024-04-12,Friday,15,4,1,79.7,1700,0,1,1
2065,musical,2024-04-12,Friday,15,4,1,92.8,2400,0,1,1
2066,comedy,2024-04-13,Saturday,15,4,1,100.0,1500,0,1,1
2067,comedy,2024-04-13,Saturday,15,4,1,100.0,1400,0,1,1
2068,comedy,2024-04-13,Saturday,15,4,1,100.0,1500,0,1,1
2069,comedy,2024-04-14,Sunday,15,4,1,100.0,1600,0,1,1
2070,comedy,2024-04-14,Sunday,15,4,1,100.0,1600,0,1,1
2071,comedy,2024-04-14,Sunday,15,4,1,100.0,1600,0,1,1
2072,comedy,2024-04-14,Sunday,15,4,1,100.0,1700,0,1,1
2073,comedy,2024-04-15,Monday,16,4,0,82.3,1600,0,1,1
2074,modern,2024-04-15,Monday,16,4,0,77.3,2000,0,1,1
2075,drama,2024-04-15,Monday,16,4,0,67.1,1700,0,1,1
2076,comedy,2024-04-16,Tuesday,16,4,0,84.1,1700,0,1,1
2077,musical,2024-04-16,Tuesday,16,4,0,78.1,2700,0,1,1
2078,comedy,2024-04-17,Wednesday,16,4,0,91.3,1500,0,1,1
2079,modern,2024-04-17,Wednesday,16,4,0,87.9,1800,0,1,1
2080,experimental,2024-04-17,Wednesday,16,4,0,78.2,1000,0,1,1
2081,comedy,2024-04-18,Thursday,16,4,0,100.0,1600,0,1,1
2082,drama,2024-04-19,Friday,16,4,1,79.8,1700,0,1,1
2083,classic,2024-04-19,Friday,16,4,1,90.2,2200,0,1,1
2084,modern,2024-04-19,Friday,16,4,1,94.5,1800,0,1,1
2085,drama,2024-04-20,Saturday,16,4,1,95.5,2100,0,1,1
2086,musical,2024-04-20,Saturday,16,4,1,100.0,2800,0,1,1
2087,comedy,2024-04-20,Saturday,16,4,1,100.0,1200,0,1,1
2088,modern,2024-04-21,Sunday,16,4,1,100.0,2000,0,1,1
2089,comedy,2024-04-21,Sunday,16,4,1,100.0,1700,0,1,1
2090,modern,2024-04-21,Sunday,16,4,1,100.0,1900,0,1,1
2091,musical,2024-04-22,Monday,17,4,0,76.4,2200,0,1,1
2092,musical,2024-04-22,Monday,17,4,0,75.9,2700,0,1,1
2093,drama,2024-04-22,Monday,17,4,0,66.1,1500,0,1,1
2094,comedy,2024-04-23,Tuesday,17,4,0,88.7,1400,0,1,1
2095,comedy,2024-04-23,Tuesday,17,4,0,92.6,1500,0,1,1
2096,comedy,2024-04-23,Tuesday,17,4,0,90.1,1200,0,1,1
2097,comedy,2024-04-24,Wednesday,17,4,0,96.1,1600,0,1,1
2098,experimental,2024-04-24,Wednesday,17,4,0,80.8,1200,0,1,1
2099,comedy,2024-04-25,Thursday,17,4,0,100.0,1200,0,1,1
2100,comedy,2024-04-25,Thursday,17,4,0,100.0,1600,0,1,1
2101,modern,2024-04-25,Thursday,17,4,0,94.6,1700,0,1,1
2102,classic,2024-04-26,Friday,17,4,1,93.7,2500,0,1,1
2103,modern,2024-04-26,Friday,17,4,1,100.0,1600,0,1,1
2104,modern,2024-04-27,Saturday,17,4,1,100.0,1700,0,1,1
2105,comedy,2024-04-27,Saturday,17,4,1,100.0,1300,0,1,1
2106,comedy,2024-04-28,Sunday,17,4,1,100.0,1500,0,1,1
2107,experimental,2024-04-28,Sunday,17,4,1,100.0,1100,0,1,1
2108,musical,2024-04-29,Monday,18,4,0,81.0,2000,0,1,1
2109,comedy,2024-04-30,Tuesday,18,4,0,94.3,1200,0,1,1
2110,classic,2024-04-30,Tuesday,18,4,0,78.7,1900,0,1,1
2111,comedy,2024-05-01,Wednesday,18,5,1,85.4,1300,0,0,0
2112,comedy,2024-05-01,Wednesday,18,5,1,85.5,1200,0,0,0
2113,drama,2024-05-02,Thursday,18,5,0,70.1,2100,0,0,0
2114,drama,2024-05-03,Friday,18,5,1,68.7,1900,0,0,0
2115,drama,2024-05-04,Saturday,18,5,1,87.6,1900,0,0,0
2116,comedy,2024-05-04,Saturday,18,5,1,100.0,1200,0,0,0
2117,classic,2024-05-04,Saturday,18,5,1,98.7,2400,0,0,0
2118,comedy,2024-05-05,Sunday,18,5,1,100.0,1500,0,0,0
2119,comedy,2024-05-05,Sunday,18,5,1,100.0,1200,0,0,0
2120,classic,2024-05-05,Sunday,18,5,1,90.8,1800,0,0,0
2121,modern,2024-05-06,Monday,19,5,0,64.4,1600,0,0,0
2122,classic,2024-05-06,Monday,19,5,0,61.0,2000,0,0,0
2123,classic,2024-05-06,Monday,19,5,0,64.7,2500,0,0,0
2124,musical,2024-05-07,Tuesday,19,5,0,72.6,2000,0,0,0
2125,drama,2024-05-07,Tuesday,19,5,0,52.8,2000,0,0,0
2126,comedy,2024-05-08,Wednesday,19,5,0,81.1,1400,0,0,0
2127,drama,2024-05-08,Wednesday,19,5,0,65.1,1700,0,0,0
2128,comedy,2024-05-09,Thursday,19,5,1,90.5,1500,0,0,0
2129,comedy,2024-05-10,Friday,19,5,1,87.8,1500,0,0,0
2130,musical,2024-05-11,Saturday,19,5,1,100.0,2100,0,0,0
2131,drama,2024-05-11,Saturday,19,5,1,89.8,1600,0,0,0
2132,comedy,2024-05-11,Saturday,19,5,1,100.0,1700,0,0,0
2133,comedy,2024-05-11,Saturday,19,5,1,100.0,1400,0,0,0
2134,musical,2024-05-12,Sunday,19,5,1,93.6,2100,0,0,0
2135,comedy,2024-05-12,Sunday,19,5,1,100.0,1600,0,0,0
2136,classic,2024-05-13,Monday,20,5,0,61.1,2000,0,0,0
2137,drama,2024-05-13,Monday,20,5,0,50.2,1600,0,0,0
2138,drama,2024-05-14,Tuesday,20,5,0,59.4,1900,0,0,0
2139,drama,2024-05-14,Tuesday,20,5,0,62.8,1600,0,0,0
2140,classic,2024-05-14,Tuesday,20,5,0,73.0,1800,0,0,0
2141,comedy,2024-05-15,Wednesday,20,5,0,84.6,1300,0,0,0
2142,musical,2024-05-15,Wednesday,20,5,0,76.3,2100,0,0,0
2143,drama,2024-05-16,Thursday,20,5,0,72.7,1500,0,0,0
2144,comedy,2024-05-16,Thursday,20,5,0,87.9,1700,0,0,0
2145,classic,2024-05-16,Thursday,20,5,0,79.5,1800,0,0,0
2146,experimental,2024-05-17,Friday,20,5,1,85.6,1000,0,0,0
2147,musical,2024-05-17,Friday,20,5,1,86.8,1900,0,0,0
2148,classic,2024-05-17,Friday,20,5,1,81.6,2000,0,0,0
2149,classic,2024-05-18,Saturday,20,5,1,97.8,2100,0,0,0
2150,musical,2024-05-18,Saturday,20,5,1,100.0,2100,0,0,0
2151,classic,2024-05-18,Saturday,20,5,1,91.1,2600,0,0,0
2152,musical,2024-05-18,Saturday,20,5,1,95.9,2500,0,0,0
2153,musical,2024-05-19,Sunday,20,5,1,93.4,2000,0,0,0
2154,musical,2024-05-19,Sunday,20,5,1,95.0,2700,0,0,0
2155,experimental,2024-05-20,Monday,21,5,0,65.2,1300,0,0,0
2156,comedy,2024-05-20,Monday,21,5,0,74.2,1400,0,0,0
2157,classic,2024-05-20,Monday,21,5,0,63.9,2300,0,0,0
2158,classic,2024-05-21,Tuesday,21,5,0,66.8,2000,0,0,0
2159,comedy,2024-05-22,Wednesday,21,5,0,86.7,1700,0,0,0
2160,classic,2024-05-22,Wednesday,21,5,0,71.4,1900,0,0,0
2161,comedy,2024-05-22,Wednesday,21,5,0,85.4,1500,0,0,0
2162,comedy,2024-05-23,Thursday,21,5,0,84.4,1500,0,0,0
2163,musical,2024-05-23,Thursday,21,5,0,83.6,2600,0,0,0
2164,comedy,2024-05-23,Thursday,21,5,0,83.9,1600,0,0,0
2165,classic,2024-05-24,Friday,21,5,1,76.9,2500,0,0,0
2166,classic,2024-05-25,Saturday,21,5,1,94.6,2300,0,0,0
2167,drama,2024-05-25,Saturday,21,5,1,88.2,2000,0,0,0
2168,comedy,2024-05-25,Saturday,21,5,1,100.0,1200,0,0,0
2169,comedy,2024-05-25,Saturday,21,5,1,100.0,1600,0,0,0
2170,musical,2024-05-26,Sunday,21,5,1,99.0,2400,0,0,0
2171,modern,2024-05-26,Sunday,21,5,1,93.2,1800,0,0,0
2172,musical,2024-05-26,Sunday,21,5,1,100.0,2000,0,0,0
2173,comedy,2024-05-27,Monday,22,5,0,70.5,1600,0,0,0
2174,musical,2024-05-27,Monday,22,5,0,64.9,2800,0,0,0
2175,drama,2024-05-28,Tuesday,22,5,0,54.0,1600,0,0,0
2176,experimental,2024-05-28,Tuesday,22,5,0,67.3,1300,0,0,0
2177,comedy,2024-05-29,Wednesday,22,5,0,83.3,1400,0,0,0
2178,experimental,2024-05-30,Thursday,22,5,0,77.6,1200,0,0,0
2179,drama,2024-05-31,Friday,22,5,1,75.1,1600,0,0,0
2180,modern,2024-05-31,Friday,22,5,1,87.9,1900,0,0,0
2181,drama,2024-06-01,Saturday,22,6,1,67.4,1600,0,0,0
2182,drama,2024-06-01,Saturday,22,6,1,71.4,1500,0,0,0
2183,classic,2024-06-02,Sunday,22,6,1,72.2,1800,0,0,0
2184,comedy,2024-06-02,Sunday,22,6,1,78.7,1700,0,0,0
2185,classic,2024-06-03,Monday,23,6,0,48.1,2200,0,0,0
2186,drama,2024-06-04,Tuesday,23,6,0,34.4,1900,0,0,0
2187,comedy,2024-06-04,Tuesday,23,6,0,63.7,1300,0,0,0
2188,drama,2024-06-04,Tuesday,23,6,0,41.2,1700,0,0,0
2189,musical,2024-06-05,Wednesday,23,6,0,56.6,2300,0,0,0
2190,comedy,2024-06-05,Wednesday,23,6,0,58.7,1700,0,0,0
2191,drama,2024-06-05,Wednesday,23,6,0,45.6,2000,0,0,0
2192,drama,2024-06-06,Thursday,23,6,0,48.4,1500,0,0,0
2193,drama,2024-06-06,Thursday,23,6,0,51.8,1600,0,0,0
2194,comedy,2024-06-07,Friday,23,6,1,73.5,1200,0,0,0
2195,experimental,2024-06-07,Friday,23,6,1,59.3,1100,0,0,0
2196,modern,2024-06-08,Saturday,23,6,1,79.0,1800,0,0,0
2197,modern,2024-06-08,Saturday,23,6,1,87.1,1600,0,0,0
2198,musical,2024-06-08,Saturday,23,6,1,81.9,2900,0,0,0
2199,comedy,2024-06-09,Sunday,23,6,1,84.5,1700,0,0,0
2200,musical,2024-06-09,Sunday,23,6,1,72.0,2200,0,0,0
2201,comedy,2024-06-09,Sunday,23,6,1,80.5,1400,0,0,0
2202,comedy,2024-06-09,Sunday,23,6,1,86.5,1400,0,0,0
2203,drama,2024-06-10,Monday,24,6,0,27.4,2100,0,0,0
2204,drama,2024-06-11,Tuesday,24,6,0,40.3,1700,0,0,0
2205,musical,2024-06-11,Tuesday,24,6,0,50.0,2200,0,0,0
2206,drama,2024-06-11,Tuesday,24,6,0,35.5,2100,0,0,0
2207,drama,2024-06-12,Wednesday,24,6,1,36.8,2100,0,0,0
2208,comedy,2024-06-13,Thursday,24,6,0,74.1,1200,0,0,0
2209,modern,2024-06-13,Thursday,24,6,0,62.3,1900,0,0,0
2210,drama,2024-06-14,Friday,24,6,1,49.9,2100,0,0,0
2211,drama,2024-06-14,Friday,24,6,1,51.5,2000,0,0,0
2212,comedy,2024-06-14,Friday,24,6,1,74.5,1400,0,0,0
2213,musical,2024-06-15,Saturday,24,6,1,83.4,2000,0,0,0
2214,drama,2024-06-15,Saturday,24,6,1,71.2,1800,0,0,0
2215,comedy,2024-06-15,Saturday,24,6,1,86.1,1300,0,0,0
2216,comedy,2024-06-16,Sunday,24,6,1,80.9,1700,0,0,0
2217,drama,2024-06-16,Sunday,24,6,1,59.0,2000,0,0,0
2218,drama,2024-06-16,Sunday,24,6,1,58.9,1800,0,0,0
2219,comedy,2024-06-17,Monday,25,6,0,58.6,1200,0,0,0
2220,modern,2024-06-18,Tuesday,25,6,0,50.8,1400,0,0,0
2221,comedy,2024-06-19,Wednesday,25,6,0,59.7,1300,0,0,0
2222,drama,2024-06-19,Wednesday,25,6,0,44.6,1700,0,0,0
2223,classic,2024-06-20,Thursday,25,6,0,56.4,2000,0,0,0
2224,drama,2024-06-20,Thursday,25,6,0,45.3,1500,0,0,0
2225,drama,2024-06-21,Friday,25,6,1,54.0,1700,0,0,0
2226,drama,2024-06-21,Friday,25,6,1,48.3,1900,0,0,0
2227,comedy,2024-06-21,Friday,25,6,1,68.8,1600,0,0,0
2228,modern,2024-06-22,Saturday,25,6,1,81.3,1500,0,0,0
2229,drama,2024-06-22,Saturday,25,6,1,68.3,1800,0,0,0
2230,experimental,2024-06-22,Saturday,25,6,1,81.2,1100,0,0,0
2231,comedy,2024-06-22,Saturday,25,6,1,88.0,1200,0,0,0
2232,comedy,2024-06-23,Sunday,25,6,1,83.2,1500,0,0,0
2233,comedy,2024-06-23,Sunday,25,6,1,79.9,1200,0,0,0
2234,drama,2024-06-23,Sunday,25,6,1,56.9,2000,0,0,0
2235,drama,2024-06-24,Monday,26,6,0,37.6,2000,0,0,0
2236,experimental,2024-06-25,Tuesday,26,6,0,46.3,1100,0,0,0
2237,drama,2024-06-26,Wednesday,26,6,0,42.6,1900,0,0,0
2238,modern,2024-06-26,Wednesday,26,6,0,54.5,1700,0,0,0
2239,comedy,2024-06-26,Wednesday,26,6,0,57.5,1600,0,0,0
2240,experimental,2024-06-27,Thursday,26,6,0,58.8,1100,0,0,0
2241,musical,2024-06-28,Friday,26,6,1,71.2,2000,0,0,0
2242,musical,2024-06-29,Saturday,26,6,1,87.2,2000,0,0,0
2243,musical,2024-06-29,Saturday,26,6,1,87.0,2000,0,0,0
2244,musical,2024-06-29,Saturday,26,6,1,83.8,2300,0,0,0
2245,drama,2024-06-30,Sunday,26,6,1,64.6,1500,0,0,0
2246,comedy,2024-06-30,Sunday,26,6,1,80.7,1300,0,0,0
2247,comedy,2024-06-30,Sunday,26,6,1,81.3,1300,0,0,0
2248,classic,2024-07-01,Monday,27,7,0,46.7,1800,0,0,0
2249,drama,2024-07-02,Tuesday,27,7,0,37.1,1900,0,0,0
2250,musical,2024-07-03,Wednesday,27,7,0,52.0,2400,0,0,0
2251,drama,2024-07-03,Wednesday,27,7,0,41.1,1700,0,0,0
2252,comedy,2024-07-03,Wednesday,27,7,0,65.7,1500,0,0,0
2253,comedy,2024-07-04,Thursday,27,7,0,71.7,1500,0,0,0
2254,drama,2024-07-05,Friday,27,7,1,52.7,2200,0,0,0
2255,drama,2024-07-06,Saturday,27,7,1,69.3,1800,0,0,0
2256,comedy,2024-07-06,Saturday,27,7,1,88.8,1400,0,0,0
2257,drama,2024-07-06,Saturday,27,7,1,64.6,1700,0,0,0
2258,comedy,2024-07-07,Sunday,27,7,1,80.7,1300,0,0,0
2259,drama,2024-07-07,Sunday,27,7,1,63.1,2100,0,0,0
2260,comedy,2024-07-08,Monday,28,7,0,54.0,1600,0,0,0
2261,musical,2024-07-09,Tuesday,28,7,0,55.9,2700,0,0,0
2262,drama,2024-07-09,Tuesday,28,7,0,32.3,2100,0,0,0
2263,drama,2024-07-10,Wednesday,28,7,0,42.7,1600,0,0,0
2264,comedy,2024-07-10,Wednesday,28,7,0,64.7,1600,0,0,0
2265,comedy,2024-07-10,Wednesday,28,7,0,66.8,1600,0,0,0
2266,drama,2024-07-11,Thursday,28,7,0,49.7,2000,0,0,0
2267,drama,2024-07-11,Thursday,28,7,0,51.3,1700,0,0,0
2268,drama,2024-07-11,Thursday,28,7,0,43.5,2000,0,0,0
2269,comedy,2024-07-12,Friday,28,7,1,75.9,1300,0,0,0
2270,drama,2024-07-12,Friday,28,7,1,52.8,1700,0,0,0
2271,experimental,2024-07-12,Friday,28,7,1,59.0,1300,0,0,0
2272,musical,2024-07-13,Saturday,28,7,1,81.4,2500,0,0,0
2273,comedy,2024-07-13,Saturday,28,7,1,93.4,1300,0,0,0
2274,drama,2024-07-13,Saturday,28,7,1,65.2,2100,0,0,0
2275,comedy,2024-07-13,Saturday,28,7,1,88.4,1300,0,0,0
2276,comedy,2024-07-14,Sunday,28,7,1,84.9,1200,0,0,0
2277,modern,2024-07-14,Sunday,28,7,1,77.9,1400,0,0,0
2278,comedy,2024-07-15,Monday,29,7,0,50.9,1700,0,0,0
2279,drama,2024-07-15,Monday,29,7,0,36.9,1500,0,0,0
2280,drama,2024-07-16,Tuesday,29,7,0,35.2,1500,0,0,0
2281,musical,2024-07-16,Tuesday,29,7,0,47.7,2600,0,0,0
2282,drama,2024-07-17,Wednesday,29,7,0,44.3,2000,0,0,0
2283,comedy,2024-07-18,Thursday,29,7,0,73.5,1400,0,0,0
2284,drama,2024-07-19,Friday,29,7,1,49.5,1900,0,0,0
2285,drama,2024-07-19,Friday,29,7,1,56.7,1700,0,0,0
2286,comedy,2024-07-20,Saturday,29,7,1,89.8,1700,0,0,0
2287,drama,2024-07-20,Saturday,29,7,1,66.8,2100,0,0,0
2288,comedy,2024-07-20,Saturday,29,7,1,93.2,1300,0,0,0
2289,comedy,2024-07-20,Saturday,29,7,1,91.6,1600,0,0,0
2290,drama,2024-07-21,Sunday,29,7,1,63.2,1600,0,0,0
2291,comedy,2024-07-21,Sunday,29,7,1,81.6,1300,0,0,0
2292,drama,2024-07-21,Sunday,29,7,1,57.4,1900,0,0,0
2293,drama,2024-07-22,Monday,30,7,0,37.1,1400,0,0,0
2294,musical,2024-07-22,Monday,30,7,0,51.2,2500,0,0,0
2295,comedy,2024-07-22,Monday,30,7,0,55.0,1600,0,0,0
2296,comedy,2024-07-23,Tuesday,30,7,0,62.9,1500,0,0,0
2297,comedy,2024-07-24,Wednesday,30,7,0,64.2,1300,0,0,0
2298,drama,2024-07-24,Wednesday,30,7,0,36.7,2100,0,0,0
2299,musical,2024-07-24,Wednesday,30,7,0,52.7,2600,0,0,0
2300,comedy,2024-07-25,Thursday,30,7,0,73.8,1200,0,0,0
2301,classic,2024-07-25,Thursday,30,7,0,61.6,1800,0,0,0
2302,comedy,2024-07-26,Friday,30,7,1,70.7,1600,0,0,0
2303,drama,2024-07-26,Friday,30,7,1,50.2,1400,0,0,0
2304,musical,2024-07-26,Friday,30,7,1,63.8,2600,0,0,0
2305,experimental,2024-07-27,Saturday,30,7,1,71.0,1300,0,0,0
2306,musical,2024-07-27,Saturday,30,7,1,80.7,2300,0,0,0
2307,musical,2024-07-28,Sunday,30,7,1,74.4,2800,0,0,0
2308,drama,2024-07-28,Sunday,30,7,1,62.4,1700,0,0,0
2309,musical,2024-07-29,Monday,31,7,0,49.8,2700,0,0,0
2310,comedy,2024-07-30,Tuesday,31,7,0,60.6,1500,0,0,0
2311,experimental,2024-07-30,Tuesday,31,7,0,43.4,1000,0,0,0
2312,drama,2024-07-30,Tuesday,31,7,0,34.7,2000,0,0,0
2313,musical,2024-07-31,Wednesday,31,7,0,53.0,2200,0,0,0
2314,drama,2024-07-31,Wednesday,31,7,0,45.8,1700,0,0,0
2315,drama,2024-08-01,Thursday,31,8,0,47.2,2000,0,0,0
2316,drama,2024-08-02,Friday,31,8,1,56.8,1700,0,0,0
2317,musical,2024-08-03,Saturday,31,8,1,79.6,2600,0,0,0
2318,comedy,2024-08-03,Saturday,31,8,1,88.8,1500,0,0,0
2319,comedy,2024-08-03,Saturday,31,8,1,83.6,1400,0,0,0
2320,comedy,2024-08-04,Sunday,31,8,1,80.4,1300,0,0,0
2321,comedy,2024-08-04,Sunday,31,8,1,84.5,1600,0,0,0
2322,experimental,2024-08-04,Sunday,31,8,1,68.2,1300,0,0,0
2323,comedy,2024-08-05,Monday,32,8,0,51.5,1300,0,0,0
2324,modern,2024-08-05,Monday,32,8,0,49.8,1600,0,0,0
2325,drama,2024-08-06,Tuesday,32,8,0,36.9,1600,0,0,0
2326,comedy,2024-08-06,Tuesday,32,8,0,57.1,1400,0,0,0
2327,musical,2024-08-07,Wednesday,32,8,0,55.5,2500,0,0,0
2328,drama,2024-08-07,Wednesday,32,8,0,39.8,1500,0,0,0
2329,drama,2024-08-07,Wednesday,32,8,0,45.9,1900,0,0,0
2330,drama,2024-08-08,Thursday,32,8,0,44.8,2000,0,0,0
2331,musical,2024-08-08,Thursday,32,8,0,62.4,2300,0,0,0
2332,comedy,2024-08-09,Friday,32,8,1,74.9,1300,0,0,0
2333,modern,2024-08-09,Friday,32,8,1,66.0,1600,0,0,0
2334,modern,2024-08-09,Friday,32,8,1,64.2,1600,0,0,0
2335,drama,2024-08-10,Saturday,32,8,1,67.0,1600,0,0,0
2336,comedy,2024-08-10,Saturday,32,8,1,86.2,1300,0,0,0
2337,drama,2024-08-11,Sunday,32,8,1,64.7,1500,0,0,0
2338,comedy,2024-08-11,Sunday,32,8,1,85.6,1200,0,0,0
2339,comedy,2024-08-12,Monday,33,8,0,57.7,1400,0,0,0
2340,comedy,2024-08-12,Monday,33,8,0,51.1,1300,0,0,0
2341,drama,2024-08-12,Monday,33,8,0,34.1,1700,0,0,0
2342,experimental,2024-08-13,Tuesday,33,8,0,50.9,1300,0,0,0
2343,musical,2024-08-13,Tuesday,33,8,0,49.1,2500,0,0,0
2344,musical,2024-08-13,Tuesday,33,8,0,51.9,2200,0,0,0
2345,drama,2024-08-14,Wednesday,33,8,0,43.4,1500,0,0,0
2346,drama,2024-08-14,Wednesday,33,8,0,42.2,1800,0,0,0
2347,drama,2024-08-14,Wednesday,33,8,0,36.8,2100,0,0,0
2348,modern,2024-08-15,Thursday,33,8,0,68.5,1500,0,0,0
2349,comedy,2024-08-15,Thursday,33,8,0,71.0,1700,0,0,0
2350,experimental,2024-08-16,Friday,33,8,1,57.5,1000,0,0,0
2351,drama,2024-08-17,Saturday,33,8,1,71.5,1800,0,0,0
2352,drama,2024-08-17,Saturday,33,8,1,69.4,1900,0,0,0
2353,musical,2024-08-17,Saturday,33,8,1,86.0,2200,0,0,0
2354,drama,2024-08-17,Saturday,33,8,1,61.0,2100,0,0,0
2355,experimental,2024-08-18,Sunday,33,8,1,71.4,1200,0,0,0
2356,classic,2024-08-18,Sunday,33,8,1,70.9,2500,0,0,0
2357,drama,2024-08-18,Sunday,33,8,1,55.4,2100,0,0,0
2358,comedy,2024-08-19,Monday,34,8,0,54.9,1500,0,0,0
2359,drama,2024-08-19,Monday,34,8,0,33.0,1700,0,0,0
2360,classic,2024-08-19,Monday,34,8,0,46.0,1900,0,0,0
2361,comedy,2024-08-20,Tuesday,34,8,0,58.5,1700,0,0,0
2362,drama,2024-08-21,Wednesday,34,8,0,44.4,2000,0,0,0
2363,drama,2024-08-22,Thursday,34,8,0,43.9,2100,0,0,0
2364,musical,2024-08-22,Thursday,34,8,0,62.4,2500,0,0,0
2365,comedy,2024-08-23,Friday,34,8,1,71.7,1200,0,0,0
2366,musical,2024-08-23,Friday,34,8,1,68.4,2100,0,0,0
2367,classic,2024-08-24,Saturday,34,8,1,76.3,2100,0,0,0
2368,comedy,2024-08-24,Saturday,34,8,1,88.8,1700,0,0,0
2369,comedy,2024-08-24,Saturday,34,8,1,88.7,1200,0,0,0
2370,modern,2024-08-24,Saturday,34,8,1,81.4,1500,0,0,0
2371,comedy,2024-08-25,Sunday,34,8,1,80.3,1600,0,0,0
2372,experimental,2024-08-25,Sunday,34,8,1,71.2,1100,0,0,0
2373,drama,2024-08-25,Sunday,34,8,1,57.1,1900,0,0,0
2374,comedy,2024-08-26,Monday,35,8,0,60.6,1200,0,0,0
2375,experimental,2024-08-27,Tuesday,35,8,0,44.7,1300,0,0,0
2376,drama,2024-08-27,Tuesday,35,8,0,37.7,2000,0,0,0
2377,drama,2024-08-28,Wednesday,35,8,0,39.4,1600,0,0,0
2378,drama,2024-08-29,Thursday,35,8,0,49.3,2000,0,0,0
2379,drama,2024-08-29,Thursday,35,8,0,49.5,2100,0,0,0
2380,comedy,2024-08-30,Friday,35,8,1,68.0,1600,0,0,0
2381,drama,2024-08-30,Friday,35,8,1,49.7,2000,0,0,0
2382,modern,2024-08-30,Friday,35,8,1,66.3,1900,0,0,0
2383,comedy,2024-08-31,Saturday,35,8,1,85.8,1200,0,0,0
2384,drama,2024-08-31,Saturday,35,8,1,69.1,2000,0,0,0
2385,drama,2024-08-31,Saturday,35,8,1,66.9,1600,0,0,0
2386,musical,2024-08-31,Saturday,35,8,1,81.5,2800,0,0,0
2387,comedy,2024-09-01,Sunday,35,9,1,100.0,1400,0,0,0
2388,modern,2024-09-01,Sunday,35,9,1,99.5,1600,0,0,0
2389,drama,2024-09-01,Sunday,35,9,1,76.5,1900,0,0,0
2390,comedy,2024-09-02,Monday,36,9,0,69.5,1500,0,0,0
2391,comedy,2024-09-02,Monday,36,9,0,72.8,1700,0,0,0
2392,comedy,2024-09-03,Tuesday,36,9,0,80.5,1400,0,0,0
2393,drama,2024-09-03,Tuesday,36,9,0,59.6,1600,0,0,0
2394,drama,2024-09-04,Wednesday,36,9,0,59.2,1600,0,0,0
2395,musical,2024-09-05,Thursday,36,9,0,81.7,2700,0,0,0
2396,drama,2024-09-06,Friday,36,9,1,69.8,2100,0,0,0
2397,comedy,2024-09-07,Saturday,36,9,1,100.0,1300,0,0,0
2398,drama,2024-09-07,Saturday,36,9,1,88.1,1800,0,0,0
2399,musical,2024-09-07,Saturday,36,9,1,99.3,2800,0,0,0
2400,comedy,2024-09-07,Saturday,36,9,1,100.0,1400,0,0,0
2401,comedy,2024-09-08,Sunday,36,9,1,95.8,1500,0,0,0
2402,comedy,2024-09-08,Sunday,36,9,1,100.0,1300,0,0,0
2403,musical,2024-09-09,Monday,37,9,0,67.4,2600,0,0,0
2404,drama,2024-09-09,Monday,37,9,0,56.2,1600,0,0,0
2405,drama,2024-09-10,Tuesday,37,9,0,52.7,1800,0,0,0
2406,musical,2024-09-10,Tuesday,37,9,0,71.1,2200,0,0,0
2407,musical,2024-09-11,Wednesday,37,9,0,70.5,2300,0,0,0
2408,drama,2024-09-11,Wednesday,37,9,0,61.1,1800,0,0,0
2409,experimental,2024-09-11,Wednesday,37,9,0,66.8,1400,0,0,0
2410,comedy,2024-09-12,Thursday,37,9,0,84.5,1500,0,0,0
2411,comedy,2024-09-12,Thursday,37,9,0,86.5,1500,0,0,0
2412,comedy,2024-09-12,Thursday,37,9,0,85.3,1300,0,0,0
2413,comedy,2024-09-13,Friday,37,9,1,87.9,1600,0,0,0
2414,drama,2024-09-13,Friday,37,9,1,72.6,2000,0,0,0
2415,classic,2024-09-14,Saturday,37,9,1,96.3,1900,0,0,0
2416,comedy,2024-09-14,Saturday,37,9,1,100.0,1300,0,0,0
2417,comedy,2024-09-14,Saturday,37,9,1,100.0,1600,0,0,0
2418,drama,2024-09-15,Sunday,37,9,1,83.9,1900,1,0,1
2419,classic,2024-09-15,Sunday,37,9,1,93.6,2400,1,0,1
2420,drama,2024-09-15,Sunday,37,9,1,78.5,2200,1,0,1
2421,drama,2024-09-16,Monday,38,9,0,57.3,1700,1,0,1
2422,comedy,2024-09-16,Monday,38,9,0,80.6,1500,1,0,1
2423,comedy,2024-09-17,Tuesday,38,9,0,82.6,1300,1,0,1
2424,modern,2024-09-18,Wednesday,38,9,0,80.7,1700,1,0,1
2425,modern,2024-09-18,Wednesday,38,9,0,78.4,2000,1,0,1
2426,comedy,2024-09-18,Wednesday,38,9,0,87.5,1400,1,0,1
2427,modern,2024-09-19,Thursday,38,9,0,79.9,1900,1,0,1
2428,drama,2024-09-19,Thursday,38,9,0,66.0,1500,1,0,1
2429,experimental,2024-09-19,Thursday,38,9,0,81.4,1100,1,0,1
2430,drama,2024-09-20,Friday,38,9,1,75.3,2100,1,0,1
2431,drama,2024-09-21,Saturday,38,9,1,87.2,1500,1,0,1
2432,drama,2024-09-21,Saturday,38,9,1,84.8,2000,1,0,1
2433,drama,2024-09-21,Saturday,38,9,1,85.0,2000,1,0,1
2434,comedy,2024-09-21,Saturday,38,9,1,100.0,1300,1,0,1
2435,comedy,2024-09-22,Sunday,38,9,1,100.0,1400,1,0,1
2436,drama,2024-09-22,Sunday,38,9,1,86.5,1900,1,0,1
2437,musical,2024-09-23,Monday,39,9,0,66.0,2400,1,0,1
2438,comedy,2024-09-24,Tuesday,39,9,0,77.7,1700,1,0,1
2439,drama,2024-09-25,Wednesday,39,9,0,66.6,1700,1,0,1
2440,modern,2024-09-25,Wednesday,39,9,0,84.0,1400,1,0,1
2441,comedy,2024-09-26,Thursday,39,9,0,90.8,1400,1,0,1
2442,drama,2024-09-26,Thursday,39,9,0,66.9,2100,1,0,1
2443,drama,2024-09-27,Friday,39,9,1,68.1,2100,1,0,1
2444,experimental,2024-09-27,Friday,39,9,1,81.0,1000,1,0,1
2445,comedy,2024-09-28,Saturday,39,9,1,100.0,1300,1,0,1
2446,drama,2024-09-28,Saturday,39,9,1,84.6,1800,1,0,1
2447,musical,2024-09-29,Sunday,39,9,1,93.3,2500,1,0,1
2448,classic,2024-09-29,Sunday,39,9,1,94.9,2400,1,0,1
2449,drama,2024-09-30,Monday,40,9,0,55.4,1900,1,0,1
2450,drama,2024-10-01,Tuesday,40,10,0,55.13518518518519,1700,1,0,1
2451,drama,2024-10-01,Tuesday,40,10,0,56.83518518518519,1400,1,0,1
2452,experimental,2024-10-02,Wednesday,40,10,0,63.63518518518519,1100,1,0,1
2453,drama,2024-10-02,Wednesday,40,10,0,62.335185185185196,1700,1,0,1
2454,comedy,2024-10-02,Wednesday,40,10,0,82.43518518518519,1300,1,0,1
2455,classic,2024-10-03,Thursday,40,10,0,71.23518518518519,2400,1,0,1
2456,drama,2024-10-03,Thursday,40,10,0,61.335185185185196,2100,1,0,1
2457,drama,2024-10-03,Thursday,40,10,0,65.6351851851852,1500,1,0,1
2458,comedy,2024-10-04,Friday,40,10,1,97.3,1200,1,0,1
2459,drama,2024-10-04,Friday,40,10,1,70.0,1700,1,0,1
2460,drama,2024-10-05,Saturday,40,10,1,86.7,1800,1,0,1
2461,drama,2024-10-05,Saturday,40,10,1,88.3,1800,1,0,1
2462,comedy,2024-10-05,Saturday,40,10,1,100.0,1200,1,0,1
2463,drama,2024-10-05,Saturday,40,10,1,88.9,1800,1,0,1
2464,modern,2024-10-06,Sunday,40,10,1,99.5,2000,1,0,1
2465,comedy,2024-10-06,Sunday,40,10,1,100.0,1400,1,0,1
2466,modern,2024-10-07,Monday,41,10,0,60.63518518518519,2000,1,0,1
2467,drama,2024-10-07,Monday,41,10,0,50.53518518518519,1500,1,0,1
2468,experimental,2024-10-07,Monday,41,10,0,61.63518518518519,1000,1,0,1
2469,musical,2024-10-08,Tuesday,41,10,0,69.43518518518519,2300,1,0,1
2470,drama,2024-10-09,Wednesday,41,10,0,57.33518518518519,1900,1,0,1
2471,musical,2024-10-09,Wednesday,41,10,0,69.03518518518518,2000,1,0,1
2472,experimental,2024-10-09,Wednesday,41,10,0,60.835185185185196,1400,1,0,1
2473,drama,2024-10-10,Thursday,41,10,0,61.73518518518519,1700,1,0,1
2474,drama,2024-10-11,Friday,41,10,1,72.6,1600,1,0,1
2475,drama,2024-10-11,Friday,41,10,1,72.5,1600,1,0,1
2476,musical,2024-10-11,Friday,41,10,1,85.6,1900,1,0,1
2477,musical,2024-10-12,Saturday,41,10,1,96.0,2600,1,0,1
2478,musical,2024-10-12,Saturday,41,10,1,95.1,2500,1,0,1
2479,drama,2024-10-13,Sunday,41,10,1,80.5,1800,1,0,1
2480,musical,2024-10-13,Sunday,41,10,1,97.5,2200,1,0,1
2481,comedy,2024-10-14,Monday,42,10,0,66.43518518518519,1300,1,0,1
2482,drama,2024-10-14,Monday,42,10,0,48.43518518518519,1600,1,0,1
2483,comedy,2024-10-15,Tuesday,42,10,0,71.8351851851852,1400,1,0,1
2484,drama,2024-10-16,Wednesday,42,10,0,56.03518518518519,1500,1,0,1
2485,drama,2024-10-17,Thursday,42,10,0,60.03518518518519,1900,1,0,1
2486,drama,2024-10-18,Friday,42,10,1,71.3,1400,1,0,1
2487,drama,2024-10-19,Saturday,42,10,1,83.6,2000,1,0,1
2488,drama,2024-10-19,Saturday,42,10,1,79.8,1500,1,0,1
2489,drama,2024-10-20,Sunday,42,10,1,80.8,1500,1,0,1
2490,comedy,2024-10-20,Sunday,42,10,1,99.2,1700,1,0,1
2491,drama,2024-10-20,Sunday,42,10,1,82.2,1800,1,0,1
2492,comedy,2024-10-20,Sunday,42,10,1,94.9,1300,1,0,1
2493,comedy,2024-10-21,Monday,43,10,0,69.53518518518518,1700,1,0,1
2494,drama,2024-10-22,Tuesday,43,10,0,46.63518518518519,2000,1,0,1
2495,drama,2024-10-22,Tuesday,43,10,0,44.43518518518519,2000,1,0,1
2496,drama,2024-10-23,Wednesday,43,10,0,51.03518518518519,1400,1,0,1
2497,drama,2024-10-24,Thursday,43,10,0,58.13518518518519,1600,1,0,1
2498,drama,2024-10-24,Thursday,43,10,0,60.03518518518519,1800,1,0,1
2499,experimental,2024-10-24,Thursday,43,10,0,63.335185185185196,1400,1,0,1
2500,drama,2024-10-25,Friday,43,10,1,65.9,1600,1,0,1
2501,drama,2024-10-25,Friday,43,10,1,62.6,2100,1,0,1
2502,comedy,2024-10-26,Saturday,43,10,1,100.0,1500,1,0,1
2503,drama,2024-10-26,Saturday,43,10,1,85.1,1700,1,0,1
2504,drama,2024-10-26,Saturday,43,10,1,77.9,1600,1,0,1
2505,drama,2024-10-27,Sunday,43,10,1,81.2,1500,1,0,1
2506,drama,2024-10-27,Sunday,43,10,1,75.5,1600,1,0,1
2507,drama,2024-10-27,Sunday,43,10,1,78.2,1900,1,0,1
2508,drama,2024-10-27,Sunday,43,10,1,71.9,1900,1,0,1
2509,musical,2024-10-28,Monday,44,10,0,58.23518518518519,2700,1,0,1
2510,musical,2024-10-28,Monday,44,10,0,60.93518518518519,2700,1,0,1
2511,musical,2024-10-29,Tuesday,44,10,0,56.33518518518519,2900,1,0,1
2512,modern,2024-10-29,Tuesday,44,10,0,57.73518518518519,2000,1,0,1
2513,comedy,2024-10-29,Tuesday,44,10,0,64.53518518518518,1400,1,0,1
2514,comedy,2024-10-30,Wednesday,44,10,0,67.53518518518518,1500,1,0,1
2515,comedy,2024-10-30,Wednesday,44,10,0,71.8351851851852,1700,1,0,1
2516,drama,2024-10-31,Thursday,44,10,0,57.13518518518519,1900,1,0,1
2517,experimental,2024-10-31,Thursday,44,10,0,67.23518518518519,1400,1,0,1
2518,comedy,2024-10-31,Thursday,44,10,0,79.1351851851852,1300,1,0,1
2519,classic,2024-11-01,Friday,44,11,1,67.5,2300,0,0,0
2520,comedy,2024-11-01,Friday,44,11,1,78.8,1600,0,0,0
2521,classic,2024-11-01,Friday,44,11,1,69.6,2300,0,0,0
2522,drama,2024-11-02,Saturday,44,11,1,72.7,2000,0,0,0
2523,comedy,2024-11-02,Saturday,44,11,1,88.9,1700,0,0,0
2524,drama,2024-11-03,Sunday,44,11,1,66.5,2100,0,0,0
2525,comedy,2024-11-03,Sunday,44,11,1,89.2,1400,0,0,0
2526,comedy,2024-11-03,Sunday,44,11,1,92.6,1200,0,0,0
2527,drama,2024-11-03,Sunday,44,11,1,66.4,1700,0,0,0
2528,musical,2024-11-04,Monday,45,11,0,49.23518518518519,2000,0,0,0
2529,drama,2024-11-04,Monday,45,11,0,34.43518518518519,1900,0,0,0
2530,drama,2024-11-05,Tuesday,45,11,0,40.23518518518519,1500,0,0,0
2531,drama,2024-11-06,Wednesday,45,11,0,46.83518518518519,1800,0,0,0
2532,musical,2024-11-06,Wednesday,45,11,0,54.43518518518519,2300,0,0,0
2533,comedy,2024-11-06,Wednesday,45,11,0,66.43518518518519,1400,0,0,0
2534,drama,2024-11-07,Thursday,45,11,0,44.83518518518519,1700,0,0,0
2535,comedy,2024-11-08,Friday,45,11,1,74.6,1200,0,0,0
2536,comedy,2024-11-08,Friday,45,11,1,78.7,1500,0,0,0
2537,drama,2024-11-08,Friday,45,11,1,56.8,1700,0,0,0
2538,comedy,2024-11-09,Saturday,45,11,1,91.8,1500,0,0,0
2539,drama,2024-11-09,Saturday,45,11,1,74.7,1700,0,0,0
2540,musical,2024-11-10,Sunday,45,11,1,77.5,2700,0,0,0
2541,comedy,2024-11-10,Sunday,45,11,1,87.6,1600,0,0,0
2542,drama,2024-11-11,Monday,46,11,0,35.73518518518519,1900,0,0,0
2543,comedy,2024-11-11,Monday,46,11,0,58.93518518518519,1200,0,0,0
2544,modern,2024-11-11,Monday,46,11,0,48.53518518518519,1500,0,0,0
2545,drama,2024-11-12,Tuesday,46,11,0,34.43518518518519,2100,0,0,0
2546,musical,2024-11-12,Tuesday,46,11,0,54.33518518518519,2400,0,0,0
2547,drama,2024-11-12,Tuesday,46,11,0,35.53518518518519,1500,0,0,0
2548,comedy,2024-11-13,Wednesday,46,11,0,64.6351851851852,1600,0,0,0
2549,drama,2024-11-14,Thursday,46,11,0,49.43518518518519,1500,0,0,0
2550,modern,2024-11-14,Thursday,46,11,0,67.6351851851852,1500,0,0,0
2551,drama,2024-11-15,Friday,46,11,1,58.5,1600,0,0,0
2552,musical,2024-11-15,Friday,46,11,1,68.6,2100,0,0,0
